job_id,freelancer_id,label,similarity_score,budget_gap,timezone_gap_hours,level_gap,job_experience_level_num,job_required_skill_count,job_screening_question_count,job_stats_applies,job_stats_offers,job_stats_accepts,freelancer_skill_count,freelancer_stats_applies,freelancer_stats_offers,freelancer_stats_accepts,freelancer_invite_accept_rate,skill_overlap_count,skill_overlap_ratio,has_past_collaboration,past_collaboration_count,has_viewed_job
cmisa43lc005yr3m0mdjbyw2h,479b19fa-eeb2-43cb-af8b-8fbf298448ba,1,0.790043895940849,15000.0,0.0,0.0,2.0,5.0,0.0,0.0,1.0,1.0,5.0,0.0,2.0,1.0,0.5,4.0,0.8,0,0.0,0
cmit3xum000f2r3k8smj1ltkl,f9382472-b9f5-402d-b361-bac2e1ecc756,0,0.6430527978247276,6020.0,0.0,0.0,2.0,3.0,0.0,0.0,8.0,0.0,5.0,0.0,63.0,7.0,0.1111111111111111,2.0,0.6666666666666666,0,0.0,0
cmit3xum000f2r3k8smj1ltkl,d1508e8a-7cf8-43f5-9b52-b23472279599,0,0.5812764766752743,6020.0,0.0,1.0,2.0,3.0,0.0,0.0,8.0,0.0,3.0,0.0,15.0,0.0,0.0,1.0,0.3333333333333333,0,0.0,0
cmit3xum000f2r3k8smj1ltkl,7b0fea83-bc74-4c1c-b40e-6dcf1b42c638,0,0.5416751520669253,6020.0,0.0,0.0,2.0,3.0,0.0,0.0,8.0,0.0,5.0,0.0,20.0,0.0,0.0,1.0,0.3333333333333333,0,0.0,0
cmit3xums00f6r3k86acvfdrt,f9382472-b9f5-402d-b361-bac2e1ecc756,1,0.7455670547681487,6030.0,0.0,1.0,3.0,3.0,0.0,0.0,8.0,1.0,5.0,0.0,63.0,7.0,0.1111111111111111,3.0,1.0,0,0.0,0
cmit3xums00f6r3k86acvfdrt,3b533639-0c76-493d-96c5-249ba2687539,0,0.4931391027966485,6030.0,0.0,2.0,3.0,3.0,0.0,0.0,8.0,1.0,3.0,0.0,17.0,0.0,0.0,1.0,0.3333333333333333,0,0.0,0
cmit3xums00f6r3k86acvfdrt,af8e2a09-c240-43bd-9a7d-00896d80f635,0,0.48648037910138303,6030.0,0.0,2.0,3.0,3.0,0.0,0.0,8.0,1.0,3.0,0.0,17.0,0.0,0.0,1.0,0.3333333333333333,0,0.0,0
cmit3xunl00far3k8wuho24a5,a57c3314-a506-4b05-8dce-4c3413e22c6a,0,0.5864549375142714,6040.0,0.0,0.0,2.0,3.0,0.0,0.0,8.0,0.0,5.0,0.0,31.0,0.0,0.0,2.0,0.6666666666666666,0,0.0,0
cmit3xunl00far3k8wuho24a5,650ff735-a56e-449c-9479-1dca700c648a,0,0.6121881033323997,6040.0,0.0,0.0,2.0,3.0,0.0,0.0,8.0,0.0,5.0,0.0,31.0,0.0,0.0,2.0,0.6666666666666666,0,0.0,0
cmit3xunl00far3k8wuho24a5,a83cd3ce-e04b-439a-92f5-12f0a2d4d32d,0,0.6085801596824078,6040.0,0.0,0.0,2.0,3.0,0.0,0.0,8.0,0.0,5.0,0.0,31.0,0.0,0.0,2.0,0.6666666666666666,0,0.0,0
cmit3xunl00far3k8wuho24a5,db25e32e-0a5d-4f00-8e2a-f225cf863cab,0,0.5009644581046921,6040.0,0.0,0.0,2.0,3.0,0.0,0.0,8.0,0.0,5.0,0.0,31.0,0.0,0.0,1.0,0.3333333333333333,0,0.0,0
cmit3xunl00far3k8wuho24a5,d9ae1f07-dfa6-44b5-88b7-873108085617,0,0.43089789473360074,6040.0,0.0,1.0,2.0,3.0,0.0,0.0,8.0,0.0,3.0,0.0,26.0,7.0,0.2692307692307692,0.0,0.0,0,0.0,0
cmit3xuoy00fir3k88rnc4ifx,f9382472-b9f5-402d-b361-bac2e1ecc756,0,0.6405652797064173,6060.0,0.0,0.0,2.0,3.0,0.0,0.0,8.0,0.0,5.0,0.0,63.0,7.0,0.1111111111111111,2.0,0.6666666666666666,0,0.0,0
cmit3xuoy00fir3k88rnc4ifx,6f253d74-5807-4eee-8119-2070940e3578,0,0.6726084736167024,6060.0,0.0,0.0,2.0,3.0,0.0,0.0,8.0,0.0,5.0,0.0,34.0,0.0,0.0,2.0,0.6666666666666666,0,0.0,0
cmit3xuoy00fir3k88rnc4ifx,266a73b4-b198-49f9-8ad8-fe6e6142379e,0,0.5803969096613079,6060.0,0.0,1.0,2.0,3.0,0.0,0.0,8.0,0.0,3.0,0.0,15.0,0.0,0.0,1.0,0.3333333333333333,0,0.0,0
cmit3xuoy00fir3k88rnc4ifx,eb7cdb89-64b1-464d-b9be-27fe12caed8b,0,0.5810867737942607,6060.0,0.0,1.0,2.0,3.0,0.0,0.0,8.0,0.0,3.0,0.0,14.0,0.0,0.0,1.0,0.3333333333333333,0,0.0,0
cmit3xupq00fmr3k8750jcaaj,266a73b4-b198-49f9-8ad8-fe6e6142379e,0,0.4893913668278808,6070.0,0.0,2.0,3.0,3.0,0.0,0.0,8.0,0.0,3.0,0.0,15.0,0.0,0.0,1.0,0.3333333333333333,0,0.0,0
cmit3xuqh00fqr3k89rihd297,650ff735-a56e-449c-9479-1dca700c648a,0,0.620184004423783,6080.0,0.0,0.0,2.0,3.0,0.0,0.0,8.0,0.0,5.0,0.0,31.0,0.0,0.0,2.0,0.6666666666666666,0,0.0,0
cmit3xur800fur3k89a3st3ug,29e1a208-3f32-425d-a3fb-ad8042ccaa1e,1,0.8080375852094202,6090.0,0.0,2.0,3.0,3.0,0.0,0.0,8.0,5.0,3.0,0.0,29.0,4.0,0.13793103448275862,3.0,1.0,0,0.0,0
cmit3xurx00fyr3k8q9cvbuei,6f253d74-5807-4eee-8119-2070940e3578,0,0.6747207792004292,6100.0,0.0,0.0,2.0,3.0,0.0,0.0,8.0,0.0,5.0,0.0,34.0,0.0,0.0,2.0,0.6666666666666666,0,0.0,0
cmit3xurx00fyr3k8q9cvbuei,60941b49-8f14-4215-b59a-b7e85ec7dd05,0,0.5806699528575108,6100.0,0.0,1.0,2.0,3.0,0.0,0.0,8.0,0.0,3.0,0.0,16.0,0.0,0.0,1.0,0.3333333333333333,0,0.0,0
cmit3xurx00fyr3k8q9cvbuei,d1508e8a-7cf8-43f5-9b52-b23472279599,0,0.5839785504466768,6100.0,0.0,1.0,2.0,3.0,0.0,0.0,8.0,0.0,3.0,0.0,15.0,0.0,0.0,1.0,0.3333333333333333,0,0.0,0
cmit3xurx00fyr3k8q9cvbuei,95d6c2e1-e9bc-45a3-b118-26b071a8707f,0,0.5863244602311344,6100.0,0.0,1.0,2.0,3.0,0.0,0.0,8.0,0.0,3.0,0.0,17.0,0.0,0.0,1.0,0.3333333333333333,0,0.0,0
cmit3xutf00g6r3k8rloa33xa,650ff735-a56e-449c-9479-1dca700c648a,0,0.6170738766379056,6120.0,0.0,0.0,2.0,3.0,0.0,0.0,8.0,0.0,5.0,0.0,31.0,0.0,0.0,2.0,0.6666666666666666,0,0.0,0
cmit3xutf00g6r3k8rloa33xa,db25e32e-0a5d-4f00-8e2a-f225cf863cab,0,0.5046752822292644,6120.0,0.0,0.0,2.0,3.0,0.0,0.0,8.0,0.0,5.0,0.0,31.0,0.0,0.0,1.0,0.3333333333333333,0,0.0,0
cmit3xutf00g6r3k8rloa33xa,38969cda-2152-4775-ab9a-ff44aff11749,0,0.4367978492722505,6120.0,0.0,1.0,2.0,3.0,0.0,0.0,8.0,0.0,3.0,0.0,23.0,9.0,0.391304347826087,0.0,0.0,0,0.0,0
cmit3xuu500gar3k8qd08qdvx,cabaa63a-fdc7-484f-b33c-f15bfdc8eec5,1,0.8116733231181015,6130.0,0.0,2.0,3.0,3.0,0.0,0.0,8.0,5.0,3.0,0.0,18.0,10.0,0.5555555555555556,3.0,1.0,0,0.0,0
cmit3xuu500gar3k8qd08qdvx,d9ae1f07-dfa6-44b5-88b7-873108085617,0,0.8216111909083192,6130.0,0.0,2.0,3.0,3.0,0.0,0.0,8.0,5.0,3.0,0.0,26.0,7.0,0.2692307692307692,3.0,1.0,0,0.0,0
cmit3xuu500gar3k8qd08qdvx,23b15ec5-8332-4172-8746-ce024e537099,0,0.8158307894686528,6130.0,0.0,2.0,3.0,3.0,0.0,0.0,8.0,5.0,3.0,0.0,21.0,7.0,0.3333333333333333,3.0,1.0,0,0.0,0
cmit3xuuu00ger3k8ew70dynz,f9382472-b9f5-402d-b361-bac2e1ecc756,0,0.6440044428672649,6140.0,0.0,0.0,2.0,3.0,0.0,0.0,8.0,0.0,5.0,0.0,63.0,7.0,0.1111111111111111,2.0,0.6666666666666666,0,0.0,0
cmit3xuuu00ger3k8ew70dynz,57255d33-f7b3-4d06-98d3-b42df3a45b84,0,0.5840948568862153,6140.0,0.0,1.0,2.0,3.0,0.0,0.0,8.0,0.0,3.0,0.0,19.0,0.0,0.0,1.0,0.3333333333333333,0,0.0,0
cmit3xuuu00ger3k8ew70dynz,af8e2a09-c240-43bd-9a7d-00896d80f635,0,0.5820856299079666,6140.0,0.0,1.0,2.0,3.0,0.0,0.0,8.0,0.0,3.0,0.0,17.0,0.0,0.0,1.0,0.3333333333333333,0,0.0,0
cmit3xuuu00ger3k8ew70dynz,d78689c0-d912-4d05-a271-843fae817ea2,0,0.5815169862199258,6140.0,0.0,1.0,2.0,3.0,0.0,0.0,8.0,0.0,3.0,0.0,18.0,0.0,0.0,1.0,0.3333333333333333,0,0.0,0
cmit3xuuu00ger3k8ew70dynz,266a73b4-b198-49f9-8ad8-fe6e6142379e,0,0.584012633318293,6140.0,0.0,1.0,2.0,3.0,0.0,0.0,8.0,0.0,3.0,0.0,15.0,0.0,0.0,1.0,0.3333333333333333,0,0.0,0
cmit3xuwc00gmr3k8gjegyhbv,a57c3314-a506-4b05-8dce-4c3413e22c6a,0,0.5870333402923134,6160.0,0.0,0.0,2.0,3.0,0.0,0.0,8.0,0.0,5.0,0.0,31.0,0.0,0.0,2.0,0.6666666666666666,0,0.0,0
cmit3xuwc00gmr3k8gjegyhbv,5e9ae1f9-04f6-4198-9c27-57e53a625f4f,0,0.4352686954974416,6160.0,0.0,1.0,2.0,3.0,0.0,0.0,8.0,0.0,3.0,0.0,17.0,6.0,0.35294117647058826,0.0,0.0,0,0.0,0
cmit3xux100gqr3k8qhte2gku,ca265b4c-99b1-43e2-9d98-dde62b1a36d4,0,0.8116310071750735,6170.0,0.0,2.0,3.0,3.0,0.0,0.0,8.0,2.0,3.0,0.0,16.0,7.0,0.4375,3.0,1.0,0,0.0,0
cmit3xuxr00gur3k8fwnnvy2d,6f253d74-5807-4eee-8119-2070940e3578,0,0.6704877205201462,6180.0,0.0,0.0,2.0,3.0,0.0,0.0,8.0,0.0,5.0,0.0,34.0,0.0,0.0,2.0,0.6666666666666666,0,0.0,0
cmit3xuxr00gur3k8fwnnvy2d,3b371ac3-6bf3-416f-aa8b-58f11a6cbf50,0,0.5941933612097718,6180.0,0.0,1.0,2.0,3.0,0.0,0.0,8.0,0.0,3.0,0.0,9.0,0.0,0.0,1.0,0.3333333333333333,0,0.0,0
cmit3xuyi00gyr3k838h0g6k1,890e6a34-a002-4a30-8020-33933cbb5085,0,0.5000531920266476,6190.0,0.0,2.0,3.0,3.0,0.0,0.0,8.0,0.0,3.0,0.0,21.0,0.0,0.0,1.0,0.3333333333333333,0,0.0,0
cmit3xuyi00gyr3k838h0g6k1,eb7cdb89-64b1-464d-b9be-27fe12caed8b,0,0.4949768958228444,6190.0,0.0,2.0,3.0,3.0,0.0,0.0,8.0,0.0,3.0,0.0,14.0,0.0,0.0,1.0,0.3333333333333333,0,0.0,0
cmit3xuyi00gyr3k838h0g6k1,d78689c0-d912-4d05-a271-843fae817ea2,0,0.4900012236663756,6190.0,0.0,2.0,3.0,3.0,0.0,0.0,8.0,0.0,3.0,0.0,18.0,0.0,0.0,1.0,0.3333333333333333,0,0.0,0
cmit3xuz900h2r3k8j0renz93,650ff735-a56e-449c-9479-1dca700c648a,0,0.6106014785238582,6200.0,0.0,0.0,2.0,3.0,0.0,0.0,8.0,0.0,5.0,0.0,31.0,0.0,0.0,2.0,0.6666666666666666,0,0.0,0
cmit3xuz900h2r3k8j0renz93,a57c3314-a506-4b05-8dce-4c3413e22c6a,0,0.5799686522044462,6200.0,0.0,0.0,2.0,3.0,0.0,0.0,8.0,0.0,5.0,0.0,31.0,0.0,0.0,2.0,0.6666666666666666,0,0.0,0
cmit3xuz900h2r3k8j0renz93,ca265b4c-99b1-43e2-9d98-dde62b1a36d4,0,0.4361084381419179,6200.0,0.0,1.0,2.0,3.0,0.0,0.0,8.0,0.0,3.0,0.0,16.0,7.0,0.4375,0.0,0.0,0,0.0,0
cmit3xuzy00h6r3k8535su2u1,cabaa63a-fdc7-484f-b33c-f15bfdc8eec5,1,0.8125571503514185,6210.0,0.0,2.0,3.0,3.0,0.0,0.0,8.0,4.0,3.0,0.0,18.0,10.0,0.5555555555555556,3.0,1.0,0,0.0,0
cmit3xuzy00h6r3k8535su2u1,2198afff-395a-4f63-9595-40744a1c0b03,1,0.8188353730022822,6210.0,0.0,2.0,3.0,3.0,0.0,0.0,8.0,4.0,3.0,0.0,24.0,13.0,0.5416666666666666,3.0,1.0,0,0.0,0
cmit3xv0q00har3k8ry7jf1cf,0390b42c-67f2-461f-a027-e21fafc80d12,0,0.5960427105590307,6220.0,0.0,1.0,2.0,3.0,0.0,0.0,8.0,0.0,3.0,0.0,15.0,0.0,0.0,1.0,0.3333333333333333,0,0.0,0
cmit3xv1i00her3k8novb667q,c8bbc32c-b2ff-4292-b99d-d6e514e94fa2,0,0.501145789910177,6230.0,0.0,2.0,3.0,3.0,0.0,0.0,8.0,1.0,3.0,0.0,20.0,0.0,0.0,1.0,0.3333333333333333,0,0.0,0
cmit3xv2d00hir3k8f5jtzxsc,eb88cffc-fdfa-40ea-ac50-8cd8c7f1a428,0,0.4533335913440739,6240.0,0.0,0.0,2.0,3.0,0.0,0.0,8.0,0.0,5.0,0.0,1.0,0.0,0.0,0.0,0.0,0,0.0,0
cmit3xv3200hmr3k8m6q4o93f,1d6191e8-ec3d-4b6c-ba17-dae444159f75,1,0.8070853805130885,6250.0,0.0,2.0,3.0,3.0,0.0,0.0,8.0,8.0,3.0,0.0,25.0,9.0,0.36,3.0,1.0,0,0.0,0
cmit3xv3s00hqr3k8vsj0x1m3,f9382472-b9f5-402d-b361-bac2e1ecc756,0,0.6451336537914363,6260.0,0.0,0.0,2.0,3.0,0.0,0.0,8.0,0.0,5.0,0.0,63.0,7.0,0.1111111111111111,2.0,0.6666666666666666,0,0.0,0
cmit3xv3s00hqr3k8vsj0x1m3,b24ccb1b-28a2-4871-85eb-ebb173091a69,0,0.5935421631576047,6260.0,0.0,1.0,2.0,3.0,0.0,0.0,8.0,0.0,3.0,0.0,24.0,0.0,0.0,1.0,0.3333333333333333,0,0.0,0
cmit3xv3s00hqr3k8vsj0x1m3,eb7cdb89-64b1-464d-b9be-27fe12caed8b,0,0.5831750443781611,6260.0,0.0,1.0,2.0,3.0,0.0,0.0,8.0,0.0,3.0,0.0,14.0,0.0,0.0,1.0,0.3333333333333333,0,0.0,0
cmit3xv4k00hur3k87dbqiyvo,890e6a34-a002-4a30-8020-33933cbb5085,0,0.4991419069006237,6270.0,0.0,2.0,3.0,3.0,0.0,0.0,8.0,1.0,3.0,0.0,21.0,0.0,0.0,1.0,0.3333333333333333,0,0.0,0
cmit3xv5d00hyr3k8u9rtfx43,db25e32e-0a5d-4f00-8e2a-f225cf863cab,0,0.49980650069621924,6280.0,0.0,0.0,2.0,3.0,0.0,0.0,8.0,0.0,5.0,0.0,31.0,0.0,0.0,1.0,0.3333333333333333,0,0.0,0
cmit3xv6200i2r3k8c5rq23ho,2198afff-395a-4f63-9595-40744a1c0b03,1,0.8163231424771483,6290.0,0.0,2.0,3.0,3.0,0.0,0.0,8.0,3.0,3.0,0.0,24.0,13.0,0.5416666666666666,3.0,1.0,0,0.0,0
cmit3xv6200i2r3k8c5rq23ho,d9ae1f07-dfa6-44b5-88b7-873108085617,0,0.8185113557823862,6290.0,0.0,2.0,3.0,3.0,0.0,0.0,8.0,3.0,3.0,0.0,26.0,7.0,0.2692307692307692,3.0,1.0,0,0.0,0
cmit3xv6q00i6r3k8t0sqc41h,6f253d74-5807-4eee-8119-2070940e3578,0,0.6699912946326267,6300.0,0.0,0.0,2.0,3.0,0.0,0.0,8.0,0.0,5.0,0.0,34.0,0.0,0.0,2.0,0.6666666666666666,0,0.0,0
cmit3xv6q00i6r3k8t0sqc41h,f9382472-b9f5-402d-b361-bac2e1ecc756,0,0.6456784894712354,6300.0,0.0,0.0,2.0,3.0,0.0,0.0,8.0,0.0,5.0,0.0,63.0,7.0,0.1111111111111111,2.0,0.6666666666666666,0,0.0,0
cmit3xv6q00i6r3k8t0sqc41h,95d6c2e1-e9bc-45a3-b118-26b071a8707f,0,0.5893172595968318,6300.0,0.0,1.0,2.0,3.0,0.0,0.0,8.0,0.0,3.0,0.0,17.0,0.0,0.0,1.0,0.3333333333333333,0,0.0,0
cmit3xv6q00i6r3k8t0sqc41h,266a73b4-b198-49f9-8ad8-fe6e6142379e,0,0.5967667399033694,6300.0,0.0,1.0,2.0,3.0,0.0,0.0,8.0,0.0,3.0,0.0,15.0,0.0,0.0,1.0,0.3333333333333333,0,0.0,0
cmit3xv6q00i6r3k8t0sqc41h,c8bbc32c-b2ff-4292-b99d-d6e514e94fa2,0,0.5923182375810085,6300.0,0.0,1.0,2.0,3.0,0.0,0.0,8.0,0.0,3.0,0.0,20.0,0.0,0.0,1.0,0.3333333333333333,0,0.0,0
cmit3xv7g00iar3k8yac6j4kf,0390b42c-67f2-461f-a027-e21fafc80d12,0,0.5034192043017096,6310.0,0.0,2.0,3.0,3.0,0.0,0.0,8.0,0.0,3.0,0.0,15.0,0.0,0.0,1.0,0.3333333333333333,0,0.0,0
cmit3xv7g00iar3k8yac6j4kf,60941b49-8f14-4215-b59a-b7e85ec7dd05,0,0.5052752701786132,6310.0,0.0,2.0,3.0,3.0,0.0,0.0,8.0,0.0,3.0,0.0,16.0,0.0,0.0,1.0,0.3333333333333333,0,0.0,0
cmit3xv8700ier3k8gluwst2p,a83cd3ce-e04b-439a-92f5-12f0a2d4d32d,0,0.6093774896058609,6320.0,0.0,0.0,2.0,3.0,0.0,0.0,8.0,0.0,5.0,0.0,31.0,0.0,0.0,2.0,0.6666666666666666,0,0.0,0
cmit3xv8x00iir3k8qvbzjokd,8cecc295-04f0-438f-b7b1-2804cd41344a,1,0.8100579443768554,6330.0,0.0,2.0,3.0,3.0,0.0,0.0,8.0,6.0,3.0,0.0,20.0,6.0,0.3,3.0,1.0,0,0.0,0
cmit3xv9m00imr3k8mdxsewad,18d6c632-b374-4d7d-bc20-8525b22b536c,0,0.5792178234285953,6340.0,0.0,0.0,2.0,3.0,0.0,0.0,8.0,0.0,4.0,0.0,10.0,0.0,0.0,1.0,0.3333333333333333,0,0.0,0
cmit3xv9m00imr3k8mdxsewad,b24ccb1b-28a2-4871-85eb-ebb173091a69,0,0.589692593099341,6340.0,0.0,1.0,2.0,3.0,0.0,0.0,8.0,0.0,3.0,0.0,24.0,0.0,0.0,1.0,0.3333333333333333,0,0.0,0
cmit3xv9m00imr3k8mdxsewad,95d6c2e1-e9bc-45a3-b118-26b071a8707f,0,0.5870216968962402,6340.0,0.0,1.0,2.0,3.0,0.0,0.0,8.0,0.0,3.0,0.0,17.0,0.0,0.0,1.0,0.3333333333333333,0,0.0,0
cmit3xvab00iqr3k8qitatzow,57255d33-f7b3-4d06-98d3-b42df3a45b84,0,0.49286539541529684,6350.0,0.0,2.0,3.0,3.0,0.0,0.0,8.0,0.0,3.0,0.0,19.0,0.0,0.0,1.0,0.3333333333333333,0,0.0,0
cmit3xvb400iur3k8jfwhpsxx,a83cd3ce-e04b-439a-92f5-12f0a2d4d32d,0,0.6105747398443464,6360.0,0.0,0.0,2.0,3.0,0.0,0.0,8.0,0.0,5.0,0.0,31.0,0.0,0.0,2.0,0.6666666666666666,0,0.0,0
cmit3xvbt00iyr3k8yjutiqly,ca265b4c-99b1-43e2-9d98-dde62b1a36d4,1,0.8211598831773578,6370.0,0.0,2.0,3.0,3.0,0.0,0.0,8.0,3.0,3.0,0.0,16.0,7.0,0.4375,3.0,1.0,0,0.0,0
cmit3xvbt00iyr3k8yjutiqly,8cecc295-04f0-438f-b7b1-2804cd41344a,1,0.8097965240211277,6370.0,0.0,2.0,3.0,3.0,0.0,0.0,8.0,3.0,3.0,0.0,20.0,6.0,0.3,3.0,1.0,0,0.0,0
cmit3xvbt00iyr3k8yjutiqly,1ce21c16-98db-4719-8303-4c0e6fc174b8,0,0.812168187603295,6370.0,0.0,2.0,3.0,3.0,0.0,0.0,8.0,3.0,3.0,0.0,23.0,10.0,0.43478260869565216,3.0,1.0,0,0.0,0
cmit3xvbt00iyr3k8yjutiqly,29e1a208-3f32-425d-a3fb-ad8042ccaa1e,0,0.824415327146568,6370.0,0.0,2.0,3.0,3.0,0.0,0.0,8.0,3.0,3.0,0.0,29.0,4.0,0.13793103448275862,3.0,1.0,0,0.0,0
cmit3xvci00j2r3k8hg04ej36,6f253d74-5807-4eee-8119-2070940e3578,0,0.6711474261759951,6380.0,0.0,0.0,2.0,3.0,0.0,0.0,8.0,0.0,5.0,0.0,34.0,0.0,0.0,2.0,0.6666666666666666,0,0.0,0
cmit3xvci00j2r3k8hg04ej36,f9382472-b9f5-402d-b361-bac2e1ecc756,0,0.651090674836516,6380.0,0.0,0.0,2.0,3.0,0.0,0.0,8.0,0.0,5.0,0.0,63.0,7.0,0.1111111111111111,2.0,0.6666666666666666,0,0.0,0
cmit3xvci00j2r3k8hg04ej36,7b0fea83-bc74-4c1c-b40e-6dcf1b42c638,0,0.5463000204384214,6380.0,0.0,0.0,2.0,3.0,0.0,0.0,8.0,0.0,5.0,0.0,20.0,0.0,0.0,1.0,0.3333333333333333,0,0.0,0
cmit3xvci00j2r3k8hg04ej36,b24ccb1b-28a2-4871-85eb-ebb173091a69,0,0.593421621044444,6380.0,0.0,1.0,2.0,3.0,0.0,0.0,8.0,0.0,3.0,0.0,24.0,0.0,0.0,1.0,0.3333333333333333,0,0.0,0
cmit3xve200jar3k8ge31r0d3,a83cd3ce-e04b-439a-92f5-12f0a2d4d32d,0,0.6076671815485464,6400.0,0.0,0.0,2.0,3.0,0.0,0.0,8.0,0.0,5.0,0.0,31.0,0.0,0.0,2.0,0.6666666666666666,0,0.0,0
cmit3xve200jar3k8ge31r0d3,2198afff-395a-4f63-9595-40744a1c0b03,0,0.4408971878273012,6400.0,0.0,1.0,2.0,3.0,0.0,0.0,8.0,0.0,3.0,0.0,24.0,13.0,0.5416666666666666,0.0,0.0,0,0.0,0
cmit3xve200jar3k8ge31r0d3,6afbcf40-f990-46fb-8156-16603a9f1c7d,0,0.43959829282347,6400.0,0.0,1.0,2.0,3.0,0.0,0.0,8.0,0.0,3.0,0.0,18.0,7.0,0.3888888888888889,0.0,0.0,0,0.0,0
cmit3xvet00jer3k8g6ykz21l,bbdbb688-64a1-4d54-9c06-3fdb11c438d9,0,0.816966106030955,6410.0,0.0,2.0,3.0,3.0,0.0,0.0,8.0,1.0,3.0,0.0,18.0,8.0,0.4444444444444444,3.0,1.0,0,0.0,0
cmit3xvfk00jir3k8603n5w55,d78689c0-d912-4d05-a271-843fae817ea2,0,0.59145756932433,6420.0,0.0,1.0,2.0,3.0,0.0,0.0,8.0,0.0,3.0,0.0,18.0,0.0,0.0,1.0,0.3333333333333333,0,0.0,0
cmit3xvg900jmr3k8l3kym0z7,d78689c0-d912-4d05-a271-843fae817ea2,0,0.4964122680903214,6430.0,0.0,2.0,3.0,3.0,0.0,0.0,8.0,0.0,3.0,0.0,18.0,0.0,0.0,1.0,0.3333333333333333,0,0.0,0
cmit3xvg900jmr3k8l3kym0z7,6f253d74-5807-4eee-8119-2070940e3578,0,0.4758355105281587,6430.0,0.0,1.0,3.0,3.0,0.0,0.0,8.0,0.0,5.0,0.0,34.0,0.0,0.0,1.0,0.3333333333333333,0,0.0,0
cmit3xvh400jqr3k85sfgpd05,a57c3314-a506-4b05-8dce-4c3413e22c6a,0,0.588364031904497,6440.0,0.0,0.0,2.0,3.0,0.0,0.0,8.0,0.0,5.0,0.0,31.0,0.0,0.0,2.0,0.6666666666666666,0,0.0,0
cmit3xvh400jqr3k85sfgpd05,a83cd3ce-e04b-439a-92f5-12f0a2d4d32d,0,0.6115396614892805,6440.0,0.0,0.0,2.0,3.0,0.0,0.0,8.0,0.0,5.0,0.0,31.0,0.0,0.0,2.0,0.6666666666666666,0,0.0,0
cmit3xvh400jqr3k85sfgpd05,650ff735-a56e-449c-9479-1dca700c648a,0,0.6134576730142264,6440.0,0.0,0.0,2.0,3.0,0.0,0.0,8.0,0.0,5.0,0.0,31.0,0.0,0.0,2.0,0.6666666666666666,0,0.0,0
cmit3xvh400jqr3k85sfgpd05,7a03ee01-7382-4375-81fa-331eee25adcd,0,0.433649694123692,6440.0,0.0,0.0,2.0,3.0,0.0,0.0,8.0,0.0,5.0,0.0,2.0,0.0,0.0,0.0,0.0,0,0.0,0
cmit3xvhw00jur3k8x5wj7fmr,cabaa63a-fdc7-484f-b33c-f15bfdc8eec5,0,0.8213318347902904,6450.0,0.0,2.0,3.0,3.0,0.0,0.0,8.0,4.0,3.0,0.0,18.0,10.0,0.5555555555555556,3.0,1.0,0,0.0,0
cmit3xvhw00jur3k8x5wj7fmr,5e9ae1f9-04f6-4198-9c27-57e53a625f4f,0,0.8172768442912489,6450.0,0.0,2.0,3.0,3.0,0.0,0.0,8.0,4.0,3.0,0.0,17.0,6.0,0.35294117647058826,3.0,1.0,0,0.0,0
cmit3xvim00jyr3k8fn9s7fkq,3b533639-0c76-493d-96c5-249ba2687539,0,0.5835303803647799,6460.0,0.0,1.0,2.0,3.0,0.0,0.0,8.0,0.0,3.0,0.0,17.0,0.0,0.0,1.0,0.3333333333333333,0,0.0,0
cmit3xvim00jyr3k8fn9s7fkq,5fcd7f20-cb1c-4429-b56d-7b95ea4c1a5c,0,0.5874029266500461,6460.0,0.0,1.0,2.0,3.0,0.0,0.0,8.0,0.0,3.0,0.0,21.0,0.0,0.0,1.0,0.3333333333333333,0,0.0,0
cmit3xvim00jyr3k8fn9s7fkq,d1508e8a-7cf8-43f5-9b52-b23472279599,0,0.5990438367608995,6460.0,0.0,1.0,2.0,3.0,0.0,0.0,8.0,0.0,3.0,0.0,15.0,0.0,0.0,1.0,0.3333333333333333,0,0.0,0
cmit3xvkr00kar3k8sun7agr4,bbdbb688-64a1-4d54-9c06-3fdb11c438d9,1,0.818432514434902,6490.0,0.0,2.0,3.0,3.0,0.0,0.0,8.0,4.0,3.0,0.0,18.0,8.0,0.4444444444444444,3.0,1.0,0,0.0,0
cmit3xvlf00ker3k8laxm0x0b,6f253d74-5807-4eee-8119-2070940e3578,0,0.6684367405189587,6500.0,0.0,0.0,2.0,3.0,0.0,0.0,8.0,0.0,5.0,0.0,34.0,0.0,0.0,2.0,0.6666666666666666,0,0.0,0
cmit3xvlf00ker3k8laxm0x0b,3b533639-0c76-493d-96c5-249ba2687539,0,0.5814130686748595,6500.0,0.0,1.0,2.0,3.0,0.0,0.0,8.0,0.0,3.0,0.0,17.0,0.0,0.0,1.0,0.3333333333333333,0,0.0,0
cmit3xvlf00ker3k8laxm0x0b,d78689c0-d912-4d05-a271-843fae817ea2,0,0.5898427099549883,6500.0,0.0,1.0,2.0,3.0,0.0,0.0,8.0,0.0,3.0,0.0,18.0,0.0,0.0,1.0,0.3333333333333333,0,0.0,0
cmit3xvlf00ker3k8laxm0x0b,890e6a34-a002-4a30-8020-33933cbb5085,0,0.5915563381261322,6500.0,0.0,1.0,2.0,3.0,0.0,0.0,8.0,0.0,3.0,0.0,21.0,0.0,0.0,1.0,0.3333333333333333,0,0.0,0
cmit3xvm500kir3k8utqq44xn,c8bbc32c-b2ff-4292-b99d-d6e514e94fa2,0,0.5005926478074126,6510.0,0.0,2.0,3.0,3.0,0.0,0.0,8.0,1.0,3.0,0.0,20.0,0.0,0.0,1.0,0.3333333333333333,0,0.0,0
cmit3xvm500kir3k8utqq44xn,5fcd7f20-cb1c-4429-b56d-7b95ea4c1a5c,0,0.4923651433489169,6510.0,0.0,2.0,3.0,3.0,0.0,0.0,8.0,1.0,3.0,0.0,21.0,0.0,0.0,1.0,0.3333333333333333,0,0.0,0
cmit3xvmw00kmr3k8w6yp76qb,a57c3314-a506-4b05-8dce-4c3413e22c6a,0,0.5819579484380811,6520.0,0.0,0.0,2.0,3.0,0.0,0.0,8.0,0.0,5.0,0.0,31.0,0.0,0.0,2.0,0.6666666666666666,0,0.0,0
cmit3xvnl00kqr3k8jmjlyvrl,38969cda-2152-4775-ab9a-ff44aff11749,1,0.8133293876045145,6530.0,0.0,2.0,3.0,3.0,0.0,0.0,8.0,2.0,3.0,0.0,23.0,9.0,0.391304347826087,3.0,1.0,0,0.0,0
cmit3xvnl00kqr3k8jmjlyvrl,1d6191e8-ec3d-4b6c-ba17-dae444159f75,0,0.8076634835958516,6530.0,0.0,2.0,3.0,3.0,0.0,0.0,8.0,2.0,3.0,0.0,25.0,9.0,0.36,3.0,1.0,0,0.0,0
cmit3xvoa00kur3k80qae84p3,95d6c2e1-e9bc-45a3-b118-26b071a8707f,0,0.585478824000103,6540.0,0.0,1.0,2.0,3.0,0.0,0.0,8.0,0.0,3.0,0.0,17.0,0.0,0.0,1.0,0.3333333333333333,0,0.0,0
cmit3xvoa00kur3k80qae84p3,18d6c632-b374-4d7d-bc20-8525b22b536c,0,0.576032317676364,6540.0,0.0,0.0,2.0,3.0,0.0,0.0,8.0,0.0,4.0,0.0,10.0,0.0,0.0,1.0,0.3333333333333333,0,0.0,0
cmit3xvoz00kyr3k8xe0sz1rs,f9382472-b9f5-402d-b361-bac2e1ecc756,0,0.7444260339511927,6550.0,0.0,1.0,3.0,3.0,0.0,0.0,8.0,0.0,5.0,0.0,63.0,7.0,0.1111111111111111,3.0,1.0,0,0.0,0
cmit3xvoz00kyr3k8xe0sz1rs,60941b49-8f14-4215-b59a-b7e85ec7dd05,0,0.4952457967913177,6550.0,0.0,2.0,3.0,3.0,0.0,0.0,8.0,0.0,3.0,0.0,16.0,0.0,0.0,1.0,0.3333333333333333,0,0.0,0
cmit3xvps00l2r3k8a0g5rnne,a83cd3ce-e04b-439a-92f5-12f0a2d4d32d,0,0.6140543190969469,6560.0,0.0,0.0,2.0,3.0,0.0,0.0,8.0,0.0,5.0,0.0,31.0,0.0,0.0,2.0,0.6666666666666666,0,0.0,0
cmit3xvps00l2r3k8a0g5rnne,1d6191e8-ec3d-4b6c-ba17-dae444159f75,0,0.4348278766695163,6560.0,0.0,1.0,2.0,3.0,0.0,0.0,8.0,0.0,3.0,0.0,25.0,9.0,0.36,0.0,0.0,0,0.0,0
cmit3xvra00lar3k8im77gkg8,266a73b4-b198-49f9-8ad8-fe6e6142379e,0,0.5897423183630539,6580.0,0.0,1.0,2.0,3.0,0.0,0.0,8.0,0.0,3.0,0.0,15.0,0.0,0.0,1.0,0.3333333333333333,0,0.0,0
cmit3xvra00lar3k8im77gkg8,3b371ac3-6bf3-416f-aa8b-58f11a6cbf50,0,0.5862000760889056,6580.0,0.0,1.0,2.0,3.0,0.0,0.0,8.0,0.0,3.0,0.0,9.0,0.0,0.0,1.0,0.3333333333333333,0,0.0,0
cmit3xvs400ler3k8xhe8p8gx,13f3104f-1c0a-4242-976d-766312f6b992,0,0.4374629820825814,6590.0,0.0,2.0,3.0,3.0,0.0,0.0,8.0,1.0,3.0,0.0,20.0,6.0,0.3,1.0,0.3333333333333333,0,0.0,0
cmit3xvs400ler3k8xhe8p8gx,d1508e8a-7cf8-43f5-9b52-b23472279599,0,0.50203280241432,6590.0,0.0,2.0,3.0,3.0,0.0,0.0,8.0,1.0,3.0,0.0,15.0,0.0,0.0,1.0,0.3333333333333333,0,0.0,0
cmit3xvs400ler3k8xhe8p8gx,57255d33-f7b3-4d06-98d3-b42df3a45b84,0,0.49480831557875915,6590.0,0.0,2.0,3.0,3.0,0.0,0.0,8.0,1.0,3.0,0.0,19.0,0.0,0.0,1.0,0.3333333333333333,0,0.0,0
cmit3xvsz00lir3k8zaz3yd53,a57c3314-a506-4b05-8dce-4c3413e22c6a,0,0.586404126456086,6600.0,0.0,0.0,2.0,3.0,0.0,0.0,8.0,0.0,5.0,0.0,31.0,0.0,0.0,2.0,0.6666666666666666,0,0.0,0
cmit3xvsz00lir3k8zaz3yd53,a83cd3ce-e04b-439a-92f5-12f0a2d4d32d,0,0.61312847615069,6600.0,0.0,0.0,2.0,3.0,0.0,0.0,8.0,0.0,5.0,0.0,31.0,0.0,0.0,2.0,0.6666666666666666,0,0.0,0
cmit3xvsz00lir3k8zaz3yd53,db25e32e-0a5d-4f00-8e2a-f225cf863cab,0,0.4980987991412628,6600.0,0.0,0.0,2.0,3.0,0.0,0.0,8.0,0.0,5.0,0.0,31.0,0.0,0.0,1.0,0.3333333333333333,0,0.0,0
cmit3xvtr00lmr3k8yng1yq6v,23b15ec5-8332-4172-8746-ce024e537099,0,0.8168015982588117,6610.0,0.0,2.0,3.0,3.0,0.0,0.0,8.0,3.0,3.0,0.0,21.0,7.0,0.3333333333333333,3.0,1.0,0,0.0,0
cmit3xvug00lqr3k8042grqxe,890e6a34-a002-4a30-8020-33933cbb5085,0,0.5839114834033151,6620.0,0.0,1.0,2.0,3.0,0.0,0.0,8.0,0.0,3.0,0.0,21.0,0.0,0.0,1.0,0.3333333333333333,0,0.0,0
cmit3xvug00lqr3k8042grqxe,7b0fea83-bc74-4c1c-b40e-6dcf1b42c638,0,0.5460123543071399,6620.0,0.0,0.0,2.0,3.0,0.0,0.0,8.0,0.0,5.0,0.0,20.0,0.0,0.0,1.0,0.3333333333333333,0,0.0,0
cmit3xvug00lqr3k8042grqxe,b24ccb1b-28a2-4871-85eb-ebb173091a69,0,0.589049486812639,6620.0,0.0,1.0,2.0,3.0,0.0,0.0,8.0,0.0,3.0,0.0,24.0,0.0,0.0,1.0,0.3333333333333333,0,0.0,0
cmit3xvv700lur3k87bh9tqcv,f9382472-b9f5-402d-b361-bac2e1ecc756,0,0.7424565353448989,6630.0,0.0,1.0,3.0,3.0,0.0,0.0,8.0,0.0,5.0,0.0,63.0,7.0,0.1111111111111111,3.0,1.0,0,0.0,0
cmit3xvv700lur3k87bh9tqcv,0390b42c-67f2-461f-a027-e21fafc80d12,0,0.49624790968753446,6630.0,0.0,2.0,3.0,3.0,0.0,0.0,8.0,0.0,3.0,0.0,15.0,0.0,0.0,1.0,0.3333333333333333,0,0.0,0
cmit3xvv700lur3k87bh9tqcv,3b533639-0c76-493d-96c5-249ba2687539,0,0.4902241479795019,6630.0,0.0,2.0,3.0,3.0,0.0,0.0,8.0,0.0,3.0,0.0,17.0,0.0,0.0,1.0,0.3333333333333333,0,0.0,0
cmit3xvv700lur3k87bh9tqcv,38969cda-2152-4775-ab9a-ff44aff11749,0,0.4327059860424802,6630.0,0.0,2.0,3.0,3.0,0.0,0.0,8.0,0.0,3.0,0.0,23.0,9.0,0.391304347826087,1.0,0.3333333333333333,0,0.0,0
cmit3xvwm00m2r3k8l9rzwvcy,29e1a208-3f32-425d-a3fb-ad8042ccaa1e,0,0.8191793041331241,6650.0,0.0,2.0,3.0,3.0,0.0,0.0,8.0,3.0,3.0,0.0,29.0,4.0,0.13793103448275862,3.0,1.0,0,0.0,0
cmit3xvwm00m2r3k8l9rzwvcy,38969cda-2152-4775-ab9a-ff44aff11749,0,0.8211686306837209,6650.0,0.0,2.0,3.0,3.0,0.0,0.0,8.0,3.0,3.0,0.0,23.0,9.0,0.391304347826087,3.0,1.0,0,0.0,0
cmit3xvxb00m6r3k818bgjjit,c8bbc32c-b2ff-4292-b99d-d6e514e94fa2,0,0.602067037871129,6660.0,0.0,1.0,2.0,3.0,0.0,0.0,8.0,0.0,3.0,0.0,20.0,0.0,0.0,1.0,0.3333333333333333,0,0.0,0
cmit3xvy000mar3k84m2vtdwu,eb7cdb89-64b1-464d-b9be-27fe12caed8b,0,0.49337492585843207,6670.0,0.0,2.0,3.0,3.0,0.0,0.0,8.0,0.0,3.0,0.0,14.0,0.0,0.0,1.0,0.3333333333333333,0,0.0,0
cmit3xvyq00mer3k81rjxeqgg,2198afff-395a-4f63-9595-40744a1c0b03,0,0.43322961979489294,6680.0,0.0,1.0,2.0,3.0,0.0,0.0,8.0,0.0,3.0,0.0,24.0,13.0,0.5416666666666666,0.0,0.0,0,0.0,0
cmit3xvzg00mir3k89mzshdy2,d9ae1f07-dfa6-44b5-88b7-873108085617,0,0.8168420439840272,6690.0,0.0,2.0,3.0,3.0,0.0,0.0,8.0,1.0,3.0,0.0,26.0,7.0,0.2692307692307692,3.0,1.0,0,0.0,0
cmit3xw0500mmr3k8js1m1smm,d78689c0-d912-4d05-a271-843fae817ea2,0,0.5910128171744641,6700.0,0.0,1.0,2.0,3.0,0.0,0.0,8.0,0.0,3.0,0.0,18.0,0.0,0.0,1.0,0.3333333333333333,0,0.0,0
cmit3xw0500mmr3k8js1m1smm,95d6c2e1-e9bc-45a3-b118-26b071a8707f,0,0.5970281211559356,6700.0,0.0,1.0,2.0,3.0,0.0,0.0,8.0,0.0,3.0,0.0,17.0,0.0,0.0,1.0,0.3333333333333333,0,0.0,0
cmit3xw0500mmr3k8js1m1smm,c8bbc32c-b2ff-4292-b99d-d6e514e94fa2,0,0.594888241813274,6700.0,0.0,1.0,2.0,3.0,0.0,0.0,8.0,0.0,3.0,0.0,20.0,0.0,0.0,1.0,0.3333333333333333,0,0.0,0
cmit3xw0v00mqr3k8fos8odxd,bbdbb688-64a1-4d54-9c06-3fdb11c438d9,0,0.4352444206526863,6710.0,0.0,2.0,3.0,3.0,0.0,0.0,8.0,0.0,3.0,0.0,18.0,8.0,0.4444444444444444,1.0,0.3333333333333333,0,0.0,0
cmit3xw1l00mur3k83w6fhebt,a57c3314-a506-4b05-8dce-4c3413e22c6a,0,0.5818805610661317,6720.0,0.0,0.0,2.0,3.0,0.0,0.0,8.0,0.0,5.0,0.0,31.0,0.0,0.0,2.0,0.6666666666666666,0,0.0,0
cmit3xw1l00mur3k83w6fhebt,2198afff-395a-4f63-9595-40744a1c0b03,0,0.4329059659018542,6720.0,0.0,1.0,2.0,3.0,0.0,0.0,8.0,0.0,3.0,0.0,24.0,13.0,0.5416666666666666,0.0,0.0,0,0.0,0
cmit3xw2900myr3k8zwwc4vcv,23b15ec5-8332-4172-8746-ce024e537099,1,0.8114983914962137,6730.0,0.0,2.0,3.0,3.0,0.0,0.0,8.0,5.0,3.0,0.0,21.0,7.0,0.3333333333333333,3.0,1.0,0,0.0,0
cmit3xw2y00n2r3k81d09912k,f9382472-b9f5-402d-b361-bac2e1ecc756,0,0.6452877679744013,6740.0,0.0,0.0,2.0,3.0,0.0,0.0,8.0,0.0,5.0,0.0,63.0,7.0,0.1111111111111111,2.0,0.6666666666666666,0,0.0,0
cmit3xw2y00n2r3k81d09912k,5fcd7f20-cb1c-4429-b56d-7b95ea4c1a5c,0,0.5851148961398778,6740.0,0.0,1.0,2.0,3.0,0.0,0.0,8.0,0.0,3.0,0.0,21.0,0.0,0.0,1.0,0.3333333333333333,0,0.0,0
cmit3xw2y00n2r3k81d09912k,890e6a34-a002-4a30-8020-33933cbb5085,0,0.583688096751734,6740.0,0.0,1.0,2.0,3.0,0.0,0.0,8.0,0.0,3.0,0.0,21.0,0.0,0.0,1.0,0.3333333333333333,0,0.0,0
cmit3xw2y00n2r3k81d09912k,b24ccb1b-28a2-4871-85eb-ebb173091a69,0,0.5828943137108388,6740.0,0.0,1.0,2.0,3.0,0.0,0.0,8.0,0.0,3.0,0.0,24.0,0.0,0.0,1.0,0.3333333333333333,0,0.0,0
cmit3xw3n00n6r3k8c8mxzhiu,b24ccb1b-28a2-4871-85eb-ebb173091a69,0,0.49323254725961535,6750.0,0.0,2.0,3.0,3.0,0.0,0.0,8.0,0.0,3.0,0.0,24.0,0.0,0.0,1.0,0.3333333333333333,0,0.0,0
cmit3xw3n00n6r3k8c8mxzhiu,5ea254d6-43c9-494c-bac1-79155faa1430,0,0.434522655677405,6750.0,0.0,2.0,3.0,3.0,0.0,0.0,8.0,0.0,3.0,0.0,18.0,11.0,0.6111111111111112,1.0,0.3333333333333333,0,0.0,0
cmit3xw4d00nar3k88gy83m1i,a83cd3ce-e04b-439a-92f5-12f0a2d4d32d,0,0.6098672313734051,6760.0,0.0,0.0,2.0,3.0,0.0,0.0,8.0,0.0,5.0,0.0,31.0,0.0,0.0,2.0,0.6666666666666666,0,0.0,0
cmit3xw4d00nar3k88gy83m1i,a57c3314-a506-4b05-8dce-4c3413e22c6a,0,0.5836861580774955,6760.0,0.0,0.0,2.0,3.0,0.0,0.0,8.0,0.0,5.0,0.0,31.0,0.0,0.0,2.0,0.6666666666666666,0,0.0,0
cmit3xw4d00nar3k88gy83m1i,650ff735-a56e-449c-9479-1dca700c648a,0,0.6112503024294753,6760.0,0.0,0.0,2.0,3.0,0.0,0.0,8.0,0.0,5.0,0.0,31.0,0.0,0.0,2.0,0.6666666666666666,0,0.0,0
cmit3xw5200ner3k8fffta07j,3d29beb3-2f5a-4a62-b749-22ac8e39071e,0,0.810092898215749,6770.0,0.0,2.0,3.0,3.0,0.0,0.0,8.0,4.0,3.0,0.0,19.0,7.0,0.3684210526315789,3.0,1.0,0,0.0,0
cmit3xw5q00nir3k85fe37f1e,95d6c2e1-e9bc-45a3-b118-26b071a8707f,0,0.593936405856273,6780.0,0.0,1.0,2.0,3.0,0.0,0.0,8.0,0.0,3.0,0.0,17.0,0.0,0.0,1.0,0.3333333333333333,0,0.0,0
cmit3xw5q00nir3k85fe37f1e,af8e2a09-c240-43bd-9a7d-00896d80f635,0,0.5912759213255502,6780.0,0.0,1.0,2.0,3.0,0.0,0.0,8.0,0.0,3.0,0.0,17.0,0.0,0.0,1.0,0.3333333333333333,0,0.0,0
cmit3xw5q00nir3k85fe37f1e,c8bbc32c-b2ff-4292-b99d-d6e514e94fa2,0,0.5935413402107991,6780.0,0.0,1.0,2.0,3.0,0.0,0.0,8.0,0.0,3.0,0.0,20.0,0.0,0.0,1.0,0.3333333333333333,0,0.0,0
cmit3xw5q00nir3k85fe37f1e,18d6c632-b374-4d7d-bc20-8525b22b536c,0,0.5816551957276053,6780.0,0.0,0.0,2.0,3.0,0.0,0.0,8.0,0.0,4.0,0.0,10.0,0.0,0.0,1.0,0.3333333333333333,0,0.0,0
cmit3xw6h00nmr3k8neyanhab,d78689c0-d912-4d05-a271-843fae817ea2,0,0.49507649260211256,6790.0,0.0,2.0,3.0,3.0,0.0,0.0,8.0,0.0,3.0,0.0,18.0,0.0,0.0,1.0,0.3333333333333333,0,0.0,0
cmit3xw8q00nyr3k81bulox0o,7b0fea83-bc74-4c1c-b40e-6dcf1b42c638,0,0.5477528458696176,6820.0,0.0,0.0,2.0,3.0,0.0,0.0,8.0,0.0,5.0,0.0,20.0,0.0,0.0,1.0,0.3333333333333333,0,0.0,0
cmit3xw8q00nyr3k81bulox0o,c8bbc32c-b2ff-4292-b99d-d6e514e94fa2,0,0.5924736184338516,6820.0,0.0,1.0,2.0,3.0,0.0,0.0,8.0,0.0,3.0,0.0,20.0,0.0,0.0,1.0,0.3333333333333333,0,0.0,0
cmit3xw9h00o2r3k8x32vluoc,f9382472-b9f5-402d-b361-bac2e1ecc756,0,0.7491875654593539,6830.0,0.0,1.0,3.0,3.0,0.0,0.0,8.0,0.0,5.0,0.0,63.0,7.0,0.1111111111111111,3.0,1.0,0,0.0,0
cmit3xw9h00o2r3k8x32vluoc,95d6c2e1-e9bc-45a3-b118-26b071a8707f,0,0.5005701004613705,6830.0,0.0,2.0,3.0,3.0,0.0,0.0,8.0,0.0,3.0,0.0,17.0,0.0,0.0,1.0,0.3333333333333333,0,0.0,0
cmit3xwac00o6r3k8gw64s1xk,db25e32e-0a5d-4f00-8e2a-f225cf863cab,0,0.5007427455016852,6840.0,0.0,0.0,2.0,3.0,0.0,0.0,8.0,0.0,5.0,0.0,31.0,0.0,0.0,1.0,0.3333333333333333,0,0.0,0
cmit3xwac00o6r3k8gw64s1xk,9736668a-cfb0-4abe-83b8-ce5f1e2b3d5d,0,0.4312053205318774,6840.0,0.0,1.0,2.0,3.0,0.0,0.0,8.0,0.0,3.0,0.0,7.0,0.0,0.0,0.0,0.0,0,0.0,0
cmit3xwac00o6r3k8gw64s1xk,8cecc295-04f0-438f-b7b1-2804cd41344a,0,0.435071691470533,6840.0,0.0,1.0,2.0,3.0,0.0,0.0,8.0,0.0,3.0,0.0,20.0,6.0,0.3,0.0,0.0,0,0.0,0
cmit3xwb100oar3k80uhflriy,23b15ec5-8332-4172-8746-ce024e537099,1,0.8172495103370783,6850.0,0.0,2.0,3.0,3.0,0.0,0.0,8.0,4.0,3.0,0.0,21.0,7.0,0.3333333333333333,3.0,1.0,0,0.0,0
cmit3xwb100oar3k80uhflriy,5e9ae1f9-04f6-4198-9c27-57e53a625f4f,1,0.8173732759774724,6850.0,0.0,2.0,3.0,3.0,0.0,0.0,8.0,4.0,3.0,0.0,17.0,6.0,0.35294117647058826,3.0,1.0,0,0.0,0
cmit3xwb100oar3k80uhflriy,ca265b4c-99b1-43e2-9d98-dde62b1a36d4,0,0.8217268677803813,6850.0,0.0,2.0,3.0,3.0,0.0,0.0,8.0,4.0,3.0,0.0,16.0,7.0,0.4375,3.0,1.0,0,0.0,0
cmit3xwbp00oer3k845legps2,18d6c632-b374-4d7d-bc20-8525b22b536c,0,0.5895300283354005,6860.0,0.0,0.0,2.0,3.0,0.0,0.0,8.0,0.0,4.0,0.0,10.0,0.0,0.0,1.0,0.3333333333333333,0,0.0,0
cmit3xwbp00oer3k845legps2,266a73b4-b198-49f9-8ad8-fe6e6142379e,0,0.5855369908117045,6860.0,0.0,1.0,2.0,3.0,0.0,0.0,8.0,0.0,3.0,0.0,15.0,0.0,0.0,1.0,0.3333333333333333,0,0.0,0
cmit3xwbp00oer3k845legps2,d1508e8a-7cf8-43f5-9b52-b23472279599,0,0.5918711009546567,6860.0,0.0,1.0,2.0,3.0,0.0,0.0,8.0,0.0,3.0,0.0,15.0,0.0,0.0,1.0,0.3333333333333333,0,0.0,0
cmit3xwce00oir3k89s0k0r5y,eb7cdb89-64b1-464d-b9be-27fe12caed8b,0,0.4950091221628508,6870.0,0.0,2.0,3.0,3.0,0.0,0.0,8.0,0.0,3.0,0.0,14.0,0.0,0.0,1.0,0.3333333333333333,0,0.0,0
cmit3xwce00oir3k89s0k0r5y,0390b42c-67f2-461f-a027-e21fafc80d12,0,0.5007211820506338,6870.0,0.0,2.0,3.0,3.0,0.0,0.0,8.0,0.0,3.0,0.0,15.0,0.0,0.0,1.0,0.3333333333333333,0,0.0,0
cmit3xwd400omr3k8b0cvdyiq,650ff735-a56e-449c-9479-1dca700c648a,0,0.6139970900917737,6880.0,0.0,0.0,2.0,3.0,0.0,0.0,8.0,0.0,5.0,0.0,31.0,0.0,0.0,2.0,0.6666666666666666,0,0.0,0
cmit3xwd400omr3k8b0cvdyiq,38969cda-2152-4775-ab9a-ff44aff11749,0,0.4369787251653662,6880.0,0.0,1.0,2.0,3.0,0.0,0.0,8.0,0.0,3.0,0.0,23.0,9.0,0.391304347826087,0.0,0.0,0,0.0,0
cmit3xwdt00oqr3k8ojqnx3x1,1ce21c16-98db-4719-8303-4c0e6fc174b8,0,0.8109577839484766,6890.0,0.0,2.0,3.0,3.0,0.0,0.0,8.0,3.0,3.0,0.0,23.0,10.0,0.43478260869565216,3.0,1.0,0,0.0,0
cmit3xwei00our3k8aogkedbc,f9382472-b9f5-402d-b361-bac2e1ecc756,0,0.6431333622254013,6900.0,0.0,0.0,2.0,3.0,0.0,0.0,8.0,0.0,5.0,0.0,63.0,7.0,0.1111111111111111,2.0,0.6666666666666666,0,0.0,0
cmit3xwei00our3k8aogkedbc,3b533639-0c76-493d-96c5-249ba2687539,0,0.5804371558685009,6900.0,0.0,1.0,2.0,3.0,0.0,0.0,8.0,0.0,3.0,0.0,17.0,0.0,0.0,1.0,0.3333333333333333,0,0.0,0
cmit3xwei00our3k8aogkedbc,95d6c2e1-e9bc-45a3-b118-26b071a8707f,0,0.587238131976329,6900.0,0.0,1.0,2.0,3.0,0.0,0.0,8.0,0.0,3.0,0.0,17.0,0.0,0.0,1.0,0.3333333333333333,0,0.0,0
cmit3xwfc00oyr3k80wmh0ilh,d9ae1f07-dfa6-44b5-88b7-873108085617,0,0.43296176770197564,6910.0,0.0,2.0,3.0,3.0,0.0,0.0,8.0,0.0,3.0,0.0,26.0,7.0,0.2692307692307692,1.0,0.3333333333333333,0,0.0,0
cmit3xwg400p2r3k8pmzm29td,a83cd3ce-e04b-439a-92f5-12f0a2d4d32d,0,0.6113615358077801,6920.0,0.0,0.0,2.0,3.0,0.0,0.0,8.0,0.0,5.0,0.0,31.0,0.0,0.0,2.0,0.6666666666666666,0,0.0,0
cmit3xwg400p2r3k8pmzm29td,a57c3314-a506-4b05-8dce-4c3413e22c6a,0,0.5865935262115647,6920.0,0.0,0.0,2.0,3.0,0.0,0.0,8.0,0.0,5.0,0.0,31.0,0.0,0.0,2.0,0.6666666666666666,0,0.0,0
cmit3xwg400p2r3k8pmzm29td,3d29beb3-2f5a-4a62-b749-22ac8e39071e,0,0.4365756821420354,6920.0,0.0,1.0,2.0,3.0,0.0,0.0,8.0,0.0,3.0,0.0,19.0,7.0,0.3684210526315789,0.0,0.0,0,0.0,0
cmit3xwgt00p6r3k86wuejxyl,13f3104f-1c0a-4242-976d-766312f6b992,0,0.8252635269425398,6930.0,0.0,2.0,3.0,3.0,0.0,0.0,8.0,4.0,3.0,0.0,20.0,6.0,0.3,3.0,1.0,0,0.0,0
cmit3xwhh00par3k8wio4qtpr,6f253d74-5807-4eee-8119-2070940e3578,0,0.6760806782231843,6940.0,0.0,0.0,2.0,3.0,0.0,0.0,8.0,0.0,5.0,0.0,34.0,0.0,0.0,2.0,0.6666666666666666,0,0.0,0
cmit3xwhh00par3k8wio4qtpr,3b533639-0c76-493d-96c5-249ba2687539,0,0.5859607182507616,6940.0,0.0,1.0,2.0,3.0,0.0,0.0,8.0,0.0,3.0,0.0,17.0,0.0,0.0,1.0,0.3333333333333333,0,0.0,0
cmit3xwi800per3k8a3yuo78p,d4e7467d-0f83-431b-ad6e-9d532952a174,0,0.4486893704596424,6950.0,0.0,1.0,3.0,3.0,0.0,0.0,8.0,0.0,5.0,0.0,5.0,0.0,0.0,1.0,0.3333333333333333,0,0.0,0
cmit3xwiy00pir3k8859qbrjx,650ff735-a56e-449c-9479-1dca700c648a,0,0.6127742124252664,6960.0,0.0,0.0,2.0,3.0,0.0,0.0,8.0,0.0,5.0,0.0,31.0,0.0,0.0,2.0,0.6666666666666666,0,0.0,0
cmit3xwiy00pir3k8859qbrjx,db25e32e-0a5d-4f00-8e2a-f225cf863cab,0,0.5003401309646934,6960.0,0.0,0.0,2.0,3.0,0.0,0.0,8.0,0.0,5.0,0.0,31.0,0.0,0.0,1.0,0.3333333333333333,0,0.0,0
cmit3xwjo00pmr3k8jqnhjv01,3d29beb3-2f5a-4a62-b749-22ac8e39071e,1,0.8115000325206811,6970.0,0.0,2.0,3.0,3.0,0.0,0.0,8.0,5.0,3.0,0.0,19.0,7.0,0.3684210526315789,3.0,1.0,0,0.0,0
cmit3xwjo00pmr3k8jqnhjv01,1ce21c16-98db-4719-8303-4c0e6fc174b8,0,0.8092285287984553,6970.0,0.0,2.0,3.0,3.0,0.0,0.0,8.0,5.0,3.0,0.0,23.0,10.0,0.43478260869565216,3.0,1.0,0,0.0,0
cmit3xwkd00pqr3k8d1rttxai,f9382472-b9f5-402d-b361-bac2e1ecc756,0,0.6459336524974659,6980.0,0.0,0.0,2.0,3.0,0.0,0.0,8.0,0.0,5.0,0.0,63.0,7.0,0.1111111111111111,2.0,0.6666666666666666,0,0.0,0
cmit3xwl400pur3k83w3dqkhx,f9382472-b9f5-402d-b361-bac2e1ecc756,0,0.7503764995928641,6990.0,0.0,1.0,3.0,3.0,0.0,0.0,8.0,0.0,5.0,0.0,63.0,7.0,0.1111111111111111,3.0,1.0,0,0.0,0
cmit3xwl400pur3k83w3dqkhx,0390b42c-67f2-461f-a027-e21fafc80d12,0,0.49163045967392355,6990.0,0.0,2.0,3.0,3.0,0.0,0.0,8.0,0.0,3.0,0.0,15.0,0.0,0.0,1.0,0.3333333333333333,0,0.0,0
cmit3xwl400pur3k83w3dqkhx,b24ccb1b-28a2-4871-85eb-ebb173091a69,0,0.4890353202981568,6990.0,0.0,2.0,3.0,3.0,0.0,0.0,8.0,0.0,3.0,0.0,24.0,0.0,0.0,1.0,0.3333333333333333,0,0.0,0
cmit3xwlx00pyr3k8q0hb113n,a57c3314-a506-4b05-8dce-4c3413e22c6a,0,0.5881103379680859,7000.0,0.0,0.0,2.0,3.0,0.0,0.0,8.0,0.0,5.0,0.0,31.0,0.0,0.0,2.0,0.6666666666666666,0,0.0,0
cmit3xwlx00pyr3k8q0hb113n,9736668a-cfb0-4abe-83b8-ce5f1e2b3d5d,0,0.42507446268710675,7000.0,0.0,1.0,2.0,3.0,0.0,0.0,8.0,0.0,3.0,0.0,7.0,0.0,0.0,0.0,0.0,0,0.0,0
cmit3xwlx00pyr3k8q0hb113n,13f3104f-1c0a-4242-976d-766312f6b992,0,0.43969342015185914,7000.0,0.0,1.0,2.0,3.0,0.0,0.0,8.0,0.0,3.0,0.0,20.0,6.0,0.3,0.0,0.0,0,0.0,0
cmit3xwmn00q2r3k8p11sebi6,23b15ec5-8332-4172-8746-ce024e537099,1,0.813639276280458,7010.0,0.0,2.0,3.0,3.0,0.0,0.0,8.0,6.0,3.0,0.0,21.0,7.0,0.3333333333333333,3.0,1.0,0,0.0,0
cmit3xwmn00q2r3k8p11sebi6,ca265b4c-99b1-43e2-9d98-dde62b1a36d4,0,0.8072873257492524,7010.0,0.0,2.0,3.0,3.0,0.0,0.0,8.0,6.0,3.0,0.0,16.0,7.0,0.4375,3.0,1.0,0,0.0,0
cmit3xwnb00q6r3k802zn2vnr,c8bbc32c-b2ff-4292-b99d-d6e514e94fa2,0,0.5901075348449906,7020.0,0.0,1.0,2.0,3.0,0.0,0.0,8.0,0.0,3.0,0.0,20.0,0.0,0.0,1.0,0.3333333333333333,0,0.0,0
cmit3xwpo00qir3k84iy7np91,5ea254d6-43c9-494c-bac1-79155faa1430,1,0.8123034578317457,7050.0,0.0,2.0,3.0,3.0,0.0,0.0,8.0,5.0,3.0,0.0,18.0,11.0,0.6111111111111112,3.0,1.0,0,0.0,0
cmit3xwqd00qmr3k8rm84apvb,5fcd7f20-cb1c-4429-b56d-7b95ea4c1a5c,0,0.5881523203553665,7060.0,0.0,1.0,2.0,3.0,0.0,0.0,8.0,0.0,3.0,0.0,21.0,0.0,0.0,1.0,0.3333333333333333,0,0.0,0
cmit3xwqd00qmr3k8rm84apvb,3b371ac3-6bf3-416f-aa8b-58f11a6cbf50,0,0.5865614355065593,7060.0,0.0,1.0,2.0,3.0,0.0,0.0,8.0,0.0,3.0,0.0,9.0,0.0,0.0,1.0,0.3333333333333333,0,0.0,0
cmit3xwr400qqr3k83fb69q3b,60941b49-8f14-4215-b59a-b7e85ec7dd05,0,0.4902009876337794,7070.0,0.0,2.0,3.0,3.0,0.0,0.0,8.0,0.0,3.0,0.0,16.0,0.0,0.0,1.0,0.3333333333333333,0,0.0,0
cmit3xwru00qur3k8kgwe81df,a57c3314-a506-4b05-8dce-4c3413e22c6a,0,0.5853434589901509,7080.0,0.0,0.0,2.0,3.0,0.0,0.0,8.0,0.0,5.0,0.0,31.0,0.0,0.0,2.0,0.6666666666666666,0,0.0,0
cmit3xwru00qur3k8kgwe81df,db25e32e-0a5d-4f00-8e2a-f225cf863cab,0,0.5029492573408094,7080.0,0.0,0.0,2.0,3.0,0.0,0.0,8.0,0.0,5.0,0.0,31.0,0.0,0.0,1.0,0.3333333333333333,0,0.0,0
cmit3xwsj00qyr3k8ztwbljdf,38969cda-2152-4775-ab9a-ff44aff11749,0,0.8074498667577673,7090.0,0.0,2.0,3.0,3.0,0.0,0.0,8.0,2.0,3.0,0.0,23.0,9.0,0.391304347826087,3.0,1.0,0,0.0,0
cmit3xwsj00qyr3k8ztwbljdf,29e1a208-3f32-425d-a3fb-ad8042ccaa1e,0,0.8070527162313251,7090.0,0.0,2.0,3.0,3.0,0.0,0.0,8.0,2.0,3.0,0.0,29.0,4.0,0.13793103448275862,3.0,1.0,0,0.0,0
cmit3xwt800r2r3k8ngy9azox,18d6c632-b374-4d7d-bc20-8525b22b536c,0,0.5852838223336795,7100.0,0.0,0.0,2.0,3.0,0.0,0.0,8.0,0.0,4.0,0.0,10.0,0.0,0.0,1.0,0.3333333333333333,0,0.0,0
cmit3xwtz00r6r3k8mx80g674,c8bbc32c-b2ff-4292-b99d-d6e514e94fa2,0,0.49480251318243684,7110.0,0.0,2.0,3.0,3.0,0.0,0.0,8.0,0.0,3.0,0.0,20.0,0.0,0.0,1.0,0.3333333333333333,0,0.0,0
cmit3xwtz00r6r3k8mx80g674,57255d33-f7b3-4d06-98d3-b42df3a45b84,0,0.49332771972154993,7110.0,0.0,2.0,3.0,3.0,0.0,0.0,8.0,0.0,3.0,0.0,19.0,0.0,0.0,1.0,0.3333333333333333,0,0.0,0
cmit3xwup00rar3k81kprbkkj,650ff735-a56e-449c-9479-1dca700c648a,0,0.6193451835572436,7120.0,0.0,0.0,2.0,3.0,0.0,0.0,8.0,0.0,5.0,0.0,31.0,0.0,0.0,2.0,0.6666666666666666,0,0.0,0
cmit3xwve00rer3k80pbitwjj,2198afff-395a-4f63-9595-40744a1c0b03,1,0.8085647823725021,7130.0,0.0,2.0,3.0,3.0,0.0,0.0,8.0,7.0,3.0,0.0,24.0,13.0,0.5416666666666666,3.0,1.0,0,0.0,0
cmit3xww300rir3k89i1ze94l,6f253d74-5807-4eee-8119-2070940e3578,0,0.6719364995639439,7140.0,0.0,0.0,2.0,3.0,0.0,0.0,8.0,0.0,5.0,0.0,34.0,0.0,0.0,2.0,0.6666666666666666,0,0.0,0
cmit3xww300rir3k89i1ze94l,410805f9-b492-4707-a709-7375e1bd45b0,0,0.5848967843135808,7140.0,0.0,1.0,2.0,3.0,0.0,0.0,8.0,0.0,3.0,0.0,14.0,0.0,0.0,1.0,0.3333333333333333,0,0.0,0
cmit3xwwt00rmr3k8lanxylte,266a73b4-b198-49f9-8ad8-fe6e6142379e,0,0.49263916345777264,7150.0,0.0,2.0,3.0,3.0,0.0,0.0,8.0,0.0,3.0,0.0,15.0,0.0,0.0,1.0,0.3333333333333333,0,0.0,0
cmit3xwxj00rqr3k86lbgvpgs,db25e32e-0a5d-4f00-8e2a-f225cf863cab,0,0.4992336202637764,7160.0,0.0,0.0,2.0,3.0,0.0,0.0,8.0,0.0,5.0,0.0,31.0,0.0,0.0,1.0,0.3333333333333333,0,0.0,0
cmit3xwxj00rqr3k86lbgvpgs,29e1a208-3f32-425d-a3fb-ad8042ccaa1e,0,0.43343903485242613,7160.0,0.0,1.0,2.0,3.0,0.0,0.0,8.0,0.0,3.0,0.0,29.0,4.0,0.13793103448275862,0.0,0.0,0,0.0,0
cmit3xwy800rur3k8m657tmy5,d9ae1f07-dfa6-44b5-88b7-873108085617,1,0.8174202397042857,7170.0,0.0,2.0,3.0,3.0,0.0,0.0,8.0,5.0,3.0,0.0,26.0,7.0,0.2692307692307692,3.0,1.0,0,0.0,0
cmit3xwz000ryr3k8jkosdufg,6f253d74-5807-4eee-8119-2070940e3578,0,0.6727132696801765,7180.0,0.0,0.0,2.0,3.0,0.0,0.0,8.0,0.0,5.0,0.0,34.0,0.0,0.0,2.0,0.6666666666666666,0,0.0,0
cmit3xwz000ryr3k8jkosdufg,57255d33-f7b3-4d06-98d3-b42df3a45b84,0,0.5823625103225469,7180.0,0.0,1.0,2.0,3.0,0.0,0.0,8.0,0.0,3.0,0.0,19.0,0.0,0.0,1.0,0.3333333333333333,0,0.0,0
cmit3xwz000ryr3k8jkosdufg,95d6c2e1-e9bc-45a3-b118-26b071a8707f,0,0.5875397173895798,7180.0,0.0,1.0,2.0,3.0,0.0,0.0,8.0,0.0,3.0,0.0,17.0,0.0,0.0,1.0,0.3333333333333333,0,0.0,0
cmit3xwzq00s2r3k852sj3iwf,b24ccb1b-28a2-4871-85eb-ebb173091a69,0,0.49064152696838714,7190.0,0.0,2.0,3.0,3.0,0.0,0.0,8.0,0.0,3.0,0.0,24.0,0.0,0.0,1.0,0.3333333333333333,0,0.0,0
cmit3xwzq00s2r3k852sj3iwf,1d6191e8-ec3d-4b6c-ba17-dae444159f75,0,0.42520006099840113,7190.0,0.0,2.0,3.0,3.0,0.0,0.0,8.0,0.0,3.0,0.0,25.0,9.0,0.36,1.0,0.3333333333333333,0,0.0,0
cmit3xx0i00s6r3k8gfdobabq,a57c3314-a506-4b05-8dce-4c3413e22c6a,0,0.5860740865389336,7200.0,0.0,0.0,2.0,3.0,0.0,0.0,8.0,0.0,5.0,0.0,31.0,0.0,0.0,2.0,0.6666666666666666,0,0.0,0
cmit3xx1x00ser3k8lsxgwgfb,57255d33-f7b3-4d06-98d3-b42df3a45b84,0,0.5820881975018359,7220.0,0.0,1.0,2.0,3.0,0.0,0.0,8.0,0.0,3.0,0.0,19.0,0.0,0.0,1.0,0.3333333333333333,0,0.0,0
cmit3xx2m00sir3k88nmh6bga,d78689c0-d912-4d05-a271-843fae817ea2,0,0.4830799710387353,7230.0,0.0,2.0,3.0,3.0,0.0,0.0,8.0,1.0,3.0,0.0,18.0,0.0,0.0,1.0,0.3333333333333333,0,0.0,0
cmit3xx2m00sir3k88nmh6bga,d1508e8a-7cf8-43f5-9b52-b23472279599,0,0.49293185747356394,7230.0,0.0,2.0,3.0,3.0,0.0,0.0,8.0,1.0,3.0,0.0,15.0,0.0,0.0,1.0,0.3333333333333333,0,0.0,0
cmit3xx3d00smr3k82w69klhx,a83cd3ce-e04b-439a-92f5-12f0a2d4d32d,0,0.6114161445194903,7240.0,0.0,0.0,2.0,3.0,0.0,0.0,8.0,0.0,5.0,0.0,31.0,0.0,0.0,2.0,0.6666666666666666,0,0.0,0
cmit3xx3d00smr3k82w69klhx,650ff735-a56e-449c-9479-1dca700c648a,0,0.6127670204013996,7240.0,0.0,0.0,2.0,3.0,0.0,0.0,8.0,0.0,5.0,0.0,31.0,0.0,0.0,2.0,0.6666666666666666,0,0.0,0
cmit3xx3d00smr3k82w69klhx,db25e32e-0a5d-4f00-8e2a-f225cf863cab,0,0.499878412320492,7240.0,0.0,0.0,2.0,3.0,0.0,0.0,8.0,0.0,5.0,0.0,31.0,0.0,0.0,1.0,0.3333333333333333,0,0.0,0
cmit3xx4300sqr3k8ovedlhly,5e9ae1f9-04f6-4198-9c27-57e53a625f4f,0,0.8141324943225725,7250.0,0.0,2.0,3.0,3.0,0.0,0.0,8.0,4.0,3.0,0.0,17.0,6.0,0.35294117647058826,3.0,1.0,0,0.0,0
cmit3xx4t00sur3k8fk4cym6i,6f253d74-5807-4eee-8119-2070940e3578,0,0.6717603579969692,7260.0,0.0,0.0,2.0,3.0,0.0,0.0,0.0,0.0,5.0,0.0,34.0,0.0,0.0,2.0,0.6666666666666666,0,0.0,0
cmit3xx4t00sur3k8fk4cym6i,eb7cdb89-64b1-464d-b9be-27fe12caed8b,0,0.5810463209719329,7260.0,0.0,1.0,2.0,3.0,0.0,0.0,0.0,0.0,3.0,0.0,14.0,0.0,0.0,1.0,0.3333333333333333,0,0.0,0
cmit3xx4t00sur3k8fk4cym6i,60941b49-8f14-4215-b59a-b7e85ec7dd05,0,0.5812399420109254,7260.0,0.0,1.0,2.0,3.0,0.0,0.0,0.0,0.0,3.0,0.0,16.0,0.0,0.0,1.0,0.3333333333333333,0,0.0,0
cmit3xx4t00sur3k8fk4cym6i,0390b42c-67f2-461f-a027-e21fafc80d12,0,0.5841018397569927,7260.0,0.0,1.0,2.0,3.0,0.0,0.0,0.0,0.0,3.0,0.0,15.0,0.0,0.0,1.0,0.3333333333333333,0,0.0,0
cmit3xx4t00sur3k8fk4cym6i,c8bbc32c-b2ff-4292-b99d-d6e514e94fa2,0,0.5928816118411309,7260.0,0.0,1.0,2.0,3.0,0.0,0.0,0.0,0.0,3.0,0.0,20.0,0.0,0.0,1.0,0.3333333333333333,0,0.0,0
cmit3xx5k00syr3k8guv8acpz,c8bbc32c-b2ff-4292-b99d-d6e514e94fa2,0,0.49523169826046354,7270.0,0.0,2.0,3.0,3.0,0.0,0.0,0.0,0.0,3.0,0.0,20.0,0.0,0.0,1.0,0.3333333333333333,0,0.0,0
cmit3xx5k00syr3k8guv8acpz,3b533639-0c76-493d-96c5-249ba2687539,0,0.48862010809040873,7270.0,0.0,2.0,3.0,3.0,0.0,0.0,0.0,0.0,3.0,0.0,17.0,0.0,0.0,1.0,0.3333333333333333,0,0.0,0
cmit3xx6a00t2r3k8piupmtf5,db25e32e-0a5d-4f00-8e2a-f225cf863cab,0,0.5005502253213248,7280.0,0.0,0.0,2.0,3.0,0.0,0.0,0.0,0.0,5.0,0.0,31.0,0.0,0.0,1.0,0.3333333333333333,0,0.0,0
cmit3xx7o00tar3k852002hnm,7b0fea83-bc74-4c1c-b40e-6dcf1b42c638,0,0.5433603502958526,7300.0,0.0,0.0,2.0,3.0,0.0,0.0,0.0,0.0,5.0,0.0,20.0,0.0,0.0,1.0,0.3333333333333333,0,0.0,0
cmit3xx7o00tar3k852002hnm,af8e2a09-c240-43bd-9a7d-00896d80f635,0,0.5868535477361995,7300.0,0.0,1.0,2.0,3.0,0.0,0.0,0.0,0.0,3.0,0.0,17.0,0.0,0.0,1.0,0.3333333333333333,0,0.0,0
cmit3xx9400tir3k87brtx6fv,a83cd3ce-e04b-439a-92f5-12f0a2d4d32d,0,0.61021394822615,7320.0,0.0,0.0,2.0,3.0,0.0,0.0,0.0,0.0,5.0,0.0,31.0,0.0,0.0,2.0,0.6666666666666666,0,0.0,0
cmit3xx9s00tmr3k8prysamt3,5e9ae1f9-04f6-4198-9c27-57e53a625f4f,1,0.8228229264225407,7330.0,0.0,2.0,3.0,3.0,0.0,0.0,0.0,0.0,3.0,0.0,17.0,6.0,0.35294117647058826,3.0,1.0,0,0.0,0
cmit3xx9s00tmr3k8prysamt3,6afbcf40-f990-46fb-8156-16603a9f1c7d,0,0.8155092380877271,7330.0,0.0,2.0,3.0,3.0,0.0,0.0,0.0,0.0,3.0,0.0,18.0,7.0,0.3888888888888889,3.0,1.0,0,0.0,0
cmit3xxaj00tqr3k84lbi6h1i,af8e2a09-c240-43bd-9a7d-00896d80f635,0,0.5847949269662757,7340.0,0.0,1.0,2.0,3.0,0.0,0.0,0.0,0.0,3.0,0.0,17.0,0.0,0.0,1.0,0.3333333333333333,0,0.0,0
cmit3xxaj00tqr3k84lbi6h1i,3b533639-0c76-493d-96c5-249ba2687539,0,0.5800778579213295,7340.0,0.0,1.0,2.0,3.0,0.0,0.0,0.0,0.0,3.0,0.0,17.0,0.0,0.0,1.0,0.3333333333333333,0,0.0,0
cmit3xxaj00tqr3k84lbi6h1i,d1508e8a-7cf8-43f5-9b52-b23472279599,0,0.5881594220042058,7340.0,0.0,1.0,2.0,3.0,0.0,0.0,0.0,0.0,3.0,0.0,15.0,0.0,0.0,1.0,0.3333333333333333,0,0.0,0
cmit3xxbb00tur3k8kh6rup8d,f9382472-b9f5-402d-b361-bac2e1ecc756,1,0.7552418362977106,7350.0,0.0,1.0,3.0,3.0,0.0,0.0,0.0,0.0,5.0,0.0,63.0,7.0,0.1111111111111111,3.0,1.0,0,0.0,0
cmit3xxbb00tur3k8kh6rup8d,13f3104f-1c0a-4242-976d-766312f6b992,0,0.43728033045927633,7350.0,0.0,2.0,3.0,3.0,0.0,0.0,0.0,0.0,3.0,0.0,20.0,6.0,0.3,1.0,0.3333333333333333,0,0.0,0
cmit3xxc700tyr3k878cml54s,db25e32e-0a5d-4f00-8e2a-f225cf863cab,0,0.5018131268770581,7360.0,0.0,0.0,2.0,3.0,0.0,0.0,0.0,0.0,5.0,0.0,31.0,0.0,0.0,1.0,0.3333333333333333,0,0.0,0
cmit3xxcz00u2r3k8267w17ns,23b15ec5-8332-4172-8746-ce024e537099,1,0.8068795377894681,7370.0,0.0,2.0,3.0,3.0,0.0,0.0,0.0,0.0,3.0,0.0,21.0,7.0,0.3333333333333333,3.0,1.0,0,0.0,0
cmit3xxcz00u2r3k8267w17ns,ca265b4c-99b1-43e2-9d98-dde62b1a36d4,0,0.8030943564827528,7370.0,0.0,2.0,3.0,3.0,0.0,0.0,0.0,0.0,3.0,0.0,16.0,7.0,0.4375,3.0,1.0,0,0.0,0
cmit3xxcz00u2r3k8267w17ns,2198afff-395a-4f63-9595-40744a1c0b03,0,0.8045222528994576,7370.0,0.0,2.0,3.0,3.0,0.0,0.0,0.0,0.0,3.0,0.0,24.0,13.0,0.5416666666666666,3.0,1.0,0,0.0,0
cmit3xxcz00u2r3k8267w17ns,d9ae1f07-dfa6-44b5-88b7-873108085617,0,0.8157617575480506,7370.0,0.0,2.0,3.0,3.0,0.0,0.0,0.0,0.0,3.0,0.0,26.0,7.0,0.2692307692307692,3.0,1.0,0,0.0,0
cmit3xxdq00u6r3k8xtgxelme,6f253d74-5807-4eee-8119-2070940e3578,0,0.6738572431659213,7380.0,0.0,0.0,2.0,3.0,0.0,0.0,0.0,0.0,5.0,0.0,34.0,0.0,0.0,2.0,0.6666666666666666,0,0.0,0
cmit3xxdq00u6r3k8xtgxelme,0390b42c-67f2-461f-a027-e21fafc80d12,0,0.5897057472451114,7380.0,0.0,1.0,2.0,3.0,0.0,0.0,0.0,0.0,3.0,0.0,15.0,0.0,0.0,1.0,0.3333333333333333,0,0.0,0
cmit3xxdq00u6r3k8xtgxelme,d78689c0-d912-4d05-a271-843fae817ea2,0,0.58015972079896,7380.0,0.0,1.0,2.0,3.0,0.0,0.0,0.0,0.0,3.0,0.0,18.0,0.0,0.0,1.0,0.3333333333333333,0,0.0,0
cmit3xxej00uar3k8kpgpd5xq,5fcd7f20-cb1c-4429-b56d-7b95ea4c1a5c,0,0.49226616840325405,7390.0,0.0,2.0,3.0,3.0,0.0,0.0,0.0,0.0,3.0,0.0,21.0,0.0,0.0,1.0,0.3333333333333333,0,0.0,0
cmit3xxfd00uer3k86zn2dg3g,db25e32e-0a5d-4f00-8e2a-f225cf863cab,0,0.504541335877123,7400.0,0.0,0.0,2.0,3.0,0.0,0.0,0.0,0.0,5.0,0.0,31.0,0.0,0.0,1.0,0.3333333333333333,0,0.0,0
cmit3xxg500uir3k8yii6uduz,cabaa63a-fdc7-484f-b33c-f15bfdc8eec5,0,0.8121617498563497,7410.0,0.0,2.0,3.0,3.0,0.0,0.0,0.0,0.0,3.0,0.0,18.0,10.0,0.5555555555555556,3.0,1.0,0,0.0,0
cmit3xxg500uir3k8yii6uduz,38969cda-2152-4775-ab9a-ff44aff11749,0,0.8131870438070363,7410.0,0.0,2.0,3.0,3.0,0.0,0.0,0.0,0.0,3.0,0.0,23.0,9.0,0.391304347826087,3.0,1.0,0,0.0,0
cmit3xxgw00umr3k835rav0wp,7b0fea83-bc74-4c1c-b40e-6dcf1b42c638,0,0.5459080805729929,7420.0,0.0,0.0,2.0,3.0,0.0,0.0,0.0,0.0,5.0,0.0,20.0,0.0,0.0,1.0,0.3333333333333333,0,0.0,0
cmit3xxho00uqr3k8uxy4f3pu,3b371ac3-6bf3-416f-aa8b-58f11a6cbf50,0,0.4954768183439612,7430.0,0.0,2.0,3.0,3.0,0.0,0.0,0.0,0.0,3.0,0.0,9.0,0.0,0.0,1.0,0.3333333333333333,0,0.0,0
cmit3xxho00uqr3k8uxy4f3pu,95d6c2e1-e9bc-45a3-b118-26b071a8707f,0,0.49694706522709253,7430.0,0.0,2.0,3.0,3.0,0.0,0.0,0.0,0.0,3.0,0.0,17.0,0.0,0.0,1.0,0.3333333333333333,0,0.0,0
cmit3xxho00uqr3k8uxy4f3pu,890e6a34-a002-4a30-8020-33933cbb5085,0,0.49680051234109374,7430.0,0.0,2.0,3.0,3.0,0.0,0.0,0.0,0.0,3.0,0.0,21.0,0.0,0.0,1.0,0.3333333333333333,0,0.0,0
cmit3xxih00uur3k8qzv6jn25,a57c3314-a506-4b05-8dce-4c3413e22c6a,0,0.5844360219365295,7440.0,0.0,0.0,2.0,3.0,0.0,0.0,0.0,0.0,5.0,0.0,31.0,0.0,0.0,2.0,0.6666666666666666,0,0.0,0
cmit3xxih00uur3k8qzv6jn25,650ff735-a56e-449c-9479-1dca700c648a,0,0.6140598273666731,7440.0,0.0,0.0,2.0,3.0,0.0,0.0,0.0,0.0,5.0,0.0,31.0,0.0,0.0,2.0,0.6666666666666666,0,0.0,0
cmit3xxih00uur3k8qzv6jn25,db25e32e-0a5d-4f00-8e2a-f225cf863cab,0,0.4994009927204292,7440.0,0.0,0.0,2.0,3.0,0.0,0.0,0.0,0.0,5.0,0.0,31.0,0.0,0.0,1.0,0.3333333333333333,0,0.0,0
cmit3xxih00uur3k8qzv6jn25,16dec0b4-afce-485a-bb59-131dd794559e,0,0.4329987223398897,7440.0,0.0,1.0,2.0,3.0,0.0,0.0,0.0,0.0,3.0,0.0,5.0,0.0,0.0,0.0,0.0,0,0.0,0
cmit3xxj900uyr3k8trnrf3r4,1d6191e8-ec3d-4b6c-ba17-dae444159f75,0,0.8091494659838988,7450.0,0.0,2.0,3.0,3.0,0.0,0.0,0.0,0.0,3.0,0.0,25.0,9.0,0.36,3.0,1.0,0,0.0,0
cmit3xxk200v2r3k8hebvp5ut,f9382472-b9f5-402d-b361-bac2e1ecc756,0,0.6466292494918526,7460.0,0.0,0.0,2.0,3.0,0.0,0.0,0.0,0.0,5.0,0.0,63.0,7.0,0.1111111111111111,2.0,0.6666666666666666,0,0.0,0
cmit3xxk200v2r3k8hebvp5ut,6f253d74-5807-4eee-8119-2070940e3578,0,0.6738024090266066,7460.0,0.0,0.0,2.0,3.0,0.0,0.0,0.0,0.0,5.0,0.0,34.0,0.0,0.0,2.0,0.6666666666666666,0,0.0,0
cmit3xxk200v2r3k8hebvp5ut,95d6c2e1-e9bc-45a3-b118-26b071a8707f,0,0.5860113386888733,7460.0,0.0,1.0,2.0,3.0,0.0,0.0,0.0,0.0,3.0,0.0,17.0,0.0,0.0,1.0,0.3333333333333333,0,0.0,0
cmit3xxk200v2r3k8hebvp5ut,eb7cdb89-64b1-464d-b9be-27fe12caed8b,0,0.5850904812941987,7460.0,0.0,1.0,2.0,3.0,0.0,0.0,0.0,0.0,3.0,0.0,14.0,0.0,0.0,1.0,0.3333333333333333,0,0.0,0
cmit3xxk200v2r3k8hebvp5ut,57255d33-f7b3-4d06-98d3-b42df3a45b84,0,0.5809855017447123,7460.0,0.0,1.0,2.0,3.0,0.0,0.0,0.0,0.0,3.0,0.0,19.0,0.0,0.0,1.0,0.3333333333333333,0,0.0,0
cmit3xxkt00v6r3k8mlhq9phm,5fcd7f20-cb1c-4429-b56d-7b95ea4c1a5c,0,0.49242742716367666,7470.0,0.0,2.0,3.0,3.0,0.0,0.0,0.0,0.0,3.0,0.0,21.0,0.0,0.0,1.0,0.3333333333333333,0,0.0,0
cmit3xxkt00v6r3k8mlhq9phm,0390b42c-67f2-461f-a027-e21fafc80d12,0,0.49536741292425923,7470.0,0.0,2.0,3.0,3.0,0.0,0.0,0.0,0.0,3.0,0.0,15.0,0.0,0.0,1.0,0.3333333333333333,0,0.0,0
cmit3xxlo00var3k8joxiz57u,650ff735-a56e-449c-9479-1dca700c648a,0,0.6110823730239946,7480.0,0.0,0.0,2.0,3.0,0.0,0.0,0.0,0.0,5.0,0.0,31.0,0.0,0.0,2.0,0.6666666666666666,0,0.0,0
cmit3xxlo00var3k8joxiz57u,a83cd3ce-e04b-439a-92f5-12f0a2d4d32d,0,0.6096422962583242,7480.0,0.0,0.0,2.0,3.0,0.0,0.0,0.0,0.0,5.0,0.0,31.0,0.0,0.0,2.0,0.6666666666666666,0,0.0,0
cmit3xxlo00var3k8joxiz57u,a57c3314-a506-4b05-8dce-4c3413e22c6a,0,0.5851806233732678,7480.0,0.0,0.0,2.0,3.0,0.0,0.0,0.0,0.0,5.0,0.0,31.0,0.0,0.0,2.0,0.6666666666666666,0,0.0,0
cmit3xxlo00var3k8joxiz57u,db25e32e-0a5d-4f00-8e2a-f225cf863cab,0,0.5030386756148394,7480.0,0.0,0.0,2.0,3.0,0.0,0.0,0.0,0.0,5.0,0.0,31.0,0.0,0.0,1.0,0.3333333333333333,0,0.0,0
cmit3xxlo00var3k8joxiz57u,3d29beb3-2f5a-4a62-b749-22ac8e39071e,0,0.43562001906810977,7480.0,0.0,1.0,2.0,3.0,0.0,0.0,0.0,0.0,3.0,0.0,19.0,7.0,0.3684210526315789,0.0,0.0,0,0.0,0
cmit3xxlo00var3k8joxiz57u,29e1a208-3f32-425d-a3fb-ad8042ccaa1e,0,0.4374174243953814,7480.0,0.0,1.0,2.0,3.0,0.0,0.0,0.0,0.0,3.0,0.0,29.0,4.0,0.13793103448275862,0.0,0.0,0,0.0,0
cmit3xxmg00ver3k8tvhhuf1a,38969cda-2152-4775-ab9a-ff44aff11749,0,0.8210471457018995,7490.0,0.0,2.0,3.0,3.0,0.0,0.0,0.0,0.0,3.0,0.0,23.0,9.0,0.391304347826087,3.0,1.0,0,0.0,0
cmit3xxmg00ver3k8tvhhuf1a,d9ae1f07-dfa6-44b5-88b7-873108085617,0,0.8198993574647003,7490.0,0.0,2.0,3.0,3.0,0.0,0.0,0.0,0.0,3.0,0.0,26.0,7.0,0.2692307692307692,3.0,1.0,0,0.0,0
cmit3xxmg00ver3k8tvhhuf1a,29e1a208-3f32-425d-a3fb-ad8042ccaa1e,0,0.8156956694088011,7490.0,0.0,2.0,3.0,3.0,0.0,0.0,0.0,0.0,3.0,0.0,29.0,4.0,0.13793103448275862,3.0,1.0,0,0.0,0
cmit3xxn800vir3k8vwm23jt4,f9382472-b9f5-402d-b361-bac2e1ecc756,0,0.644497601078598,7500.0,0.0,0.0,2.0,3.0,0.0,0.0,0.0,0.0,5.0,0.0,63.0,7.0,0.1111111111111111,2.0,0.6666666666666666,0,0.0,0
cmit3xxn800vir3k8vwm23jt4,5fcd7f20-cb1c-4429-b56d-7b95ea4c1a5c,0,0.5897541038045586,7500.0,0.0,1.0,2.0,3.0,0.0,0.0,0.0,0.0,3.0,0.0,21.0,0.0,0.0,1.0,0.3333333333333333,0,0.0,0
cmit3xxo000vmr3k8ogyayph2,f9382472-b9f5-402d-b361-bac2e1ecc756,0,0.7476767782771145,7510.0,0.0,1.0,3.0,3.0,0.0,0.0,0.0,0.0,5.0,0.0,63.0,7.0,0.1111111111111111,3.0,1.0,0,0.0,0
cmit3xxo000vmr3k8ogyayph2,95d6c2e1-e9bc-45a3-b118-26b071a8707f,0,0.49488866307144286,7510.0,0.0,2.0,3.0,3.0,0.0,0.0,0.0,0.0,3.0,0.0,17.0,0.0,0.0,1.0,0.3333333333333333,0,0.0,0
cmit3xxo000vmr3k8ogyayph2,d1508e8a-7cf8-43f5-9b52-b23472279599,0,0.5007236361555503,7510.0,0.0,2.0,3.0,3.0,0.0,0.0,0.0,0.0,3.0,0.0,15.0,0.0,0.0,1.0,0.3333333333333333,0,0.0,0
cmit3xxo000vmr3k8ogyayph2,3b533639-0c76-493d-96c5-249ba2687539,0,0.49232152188490147,7510.0,0.0,2.0,3.0,3.0,0.0,0.0,0.0,0.0,3.0,0.0,17.0,0.0,0.0,1.0,0.3333333333333333,0,0.0,0
cmit3xxou00vqr3k8juudwvu8,5e9ae1f9-04f6-4198-9c27-57e53a625f4f,0,0.4387247925233001,7520.0,0.0,1.0,2.0,3.0,0.0,0.0,0.0,0.0,3.0,0.0,17.0,6.0,0.35294117647058826,0.0,0.0,0,0.0,0
cmit3xxpm00vur3k8cw46ru2s,3d29beb3-2f5a-4a62-b749-22ac8e39071e,1,0.8153996034887107,7530.0,0.0,2.0,3.0,3.0,0.0,0.0,0.0,0.0,3.0,0.0,19.0,7.0,0.3684210526315789,3.0,1.0,0,0.0,0
cmit3xxpm00vur3k8cw46ru2s,6afbcf40-f990-46fb-8156-16603a9f1c7d,1,0.8127462594296977,7530.0,0.0,2.0,3.0,3.0,0.0,0.0,0.0,0.0,3.0,0.0,18.0,7.0,0.3888888888888889,3.0,1.0,0,0.0,0
cmit3xxpm00vur3k8cw46ru2s,8cecc295-04f0-438f-b7b1-2804cd41344a,0,0.8062083091662205,7530.0,0.0,2.0,3.0,3.0,0.0,0.0,0.0,0.0,3.0,0.0,20.0,6.0,0.3,3.0,1.0,0,0.0,0
cmit3xxqe00vyr3k8vsy7kq09,890e6a34-a002-4a30-8020-33933cbb5085,0,0.5870970249999263,7540.0,0.0,1.0,2.0,3.0,0.0,0.0,0.0,0.0,3.0,0.0,21.0,0.0,0.0,1.0,0.3333333333333333,0,0.0,0
cmit3xxqe00vyr3k8vsy7kq09,eb7cdb89-64b1-464d-b9be-27fe12caed8b,0,0.585948746192196,7540.0,0.0,1.0,2.0,3.0,0.0,0.0,0.0,0.0,3.0,0.0,14.0,0.0,0.0,1.0,0.3333333333333333,0,0.0,0
cmit3xxqe00vyr3k8vsy7kq09,266a73b4-b198-49f9-8ad8-fe6e6142379e,0,0.5917224834413951,7540.0,0.0,1.0,2.0,3.0,0.0,0.0,0.0,0.0,3.0,0.0,15.0,0.0,0.0,1.0,0.3333333333333333,0,0.0,0
cmit3xxqe00vyr3k8vsy7kq09,57255d33-f7b3-4d06-98d3-b42df3a45b84,0,0.5816235436916591,7540.0,0.0,1.0,2.0,3.0,0.0,0.0,0.0,0.0,3.0,0.0,19.0,0.0,0.0,1.0,0.3333333333333333,0,0.0,0
cmit3xxr700w2r3k8npjsgy1a,af8e2a09-c240-43bd-9a7d-00896d80f635,0,0.4906329054756546,7550.0,0.0,2.0,3.0,3.0,0.0,0.0,0.0,0.0,3.0,0.0,17.0,0.0,0.0,1.0,0.3333333333333333,0,0.0,0
cmit3xxr700w2r3k8npjsgy1a,d78689c0-d912-4d05-a271-843fae817ea2,0,0.4900119128634958,7550.0,0.0,2.0,3.0,3.0,0.0,0.0,0.0,0.0,3.0,0.0,18.0,0.0,0.0,1.0,0.3333333333333333,0,0.0,0
cmit3xxs200w6r3k8yhr44y9p,db25e32e-0a5d-4f00-8e2a-f225cf863cab,0,0.49697920567949194,7560.0,0.0,0.0,2.0,3.0,0.0,0.0,0.0,0.0,5.0,0.0,31.0,0.0,0.0,1.0,0.3333333333333333,0,0.0,0
cmit3xxs200w6r3k8yhr44y9p,29e1a208-3f32-425d-a3fb-ad8042ccaa1e,0,0.4385466683196852,7560.0,0.0,1.0,2.0,3.0,0.0,0.0,0.0,0.0,3.0,0.0,29.0,4.0,0.13793103448275862,0.0,0.0,0,0.0,0
cmit3xxsx00war3k8aw6yhp2j,23b15ec5-8332-4172-8746-ce024e537099,1,0.8133280916830178,7570.0,0.0,2.0,3.0,3.0,0.0,0.0,0.0,0.0,3.0,0.0,21.0,7.0,0.3333333333333333,3.0,1.0,0,0.0,0
cmit3xxsx00war3k8aw6yhp2j,5e9ae1f9-04f6-4198-9c27-57e53a625f4f,1,0.8236961936980902,7570.0,0.0,2.0,3.0,3.0,0.0,0.0,0.0,0.0,3.0,0.0,17.0,6.0,0.35294117647058826,3.0,1.0,0,0.0,0
cmit3xxsx00war3k8aw6yhp2j,2198afff-395a-4f63-9595-40744a1c0b03,0,0.8118528441847662,7570.0,0.0,2.0,3.0,3.0,0.0,0.0,0.0,0.0,3.0,0.0,24.0,13.0,0.5416666666666666,3.0,1.0,0,0.0,0
cmit3xxsx00war3k8aw6yhp2j,6afbcf40-f990-46fb-8156-16603a9f1c7d,0,0.8174054812825909,7570.0,0.0,2.0,3.0,3.0,0.0,0.0,0.0,0.0,3.0,0.0,18.0,7.0,0.3888888888888889,3.0,1.0,0,0.0,0
cmit3xxuj00wir3k8idc8yg4l,3b533639-0c76-493d-96c5-249ba2687539,0,0.4921888506096476,7590.0,0.0,2.0,3.0,3.0,0.0,0.0,0.0,0.0,3.0,0.0,17.0,0.0,0.0,1.0,0.3333333333333333,0,0.0,0
cmit3xxva00wmr3k873g0or3z,650ff735-a56e-449c-9479-1dca700c648a,0,0.6159695055984546,7600.0,0.0,0.0,2.0,3.0,0.0,0.0,0.0,0.0,5.0,0.0,31.0,0.0,0.0,2.0,0.6666666666666666,0,0.0,0
cmit3xxva00wmr3k873g0or3z,a83cd3ce-e04b-439a-92f5-12f0a2d4d32d,0,0.6108386702450765,7600.0,0.0,0.0,2.0,3.0,0.0,0.0,0.0,0.0,5.0,0.0,31.0,0.0,0.0,2.0,0.6666666666666666,0,0.0,0
cmit3xxvz00wqr3k80dftg2i8,23b15ec5-8332-4172-8746-ce024e537099,1,0.8100785407044405,7610.0,0.0,2.0,3.0,3.0,0.0,0.0,0.0,0.0,3.0,0.0,21.0,7.0,0.3333333333333333,3.0,1.0,0,0.0,0
cmit3xxwm00wur3k8mvhvaltq,f9382472-b9f5-402d-b361-bac2e1ecc756,0,0.6495389201149729,7620.0,0.0,0.0,2.0,3.0,0.0,0.0,0.0,0.0,5.0,0.0,63.0,7.0,0.1111111111111111,2.0,0.6666666666666666,0,0.0,0
cmit3xxwm00wur3k8mvhvaltq,266a73b4-b198-49f9-8ad8-fe6e6142379e,0,0.5867681578186452,7620.0,0.0,1.0,2.0,3.0,0.0,0.0,0.0,0.0,3.0,0.0,15.0,0.0,0.0,1.0,0.3333333333333333,0,0.0,0
cmit3xxwm00wur3k8mvhvaltq,0390b42c-67f2-461f-a027-e21fafc80d12,0,0.5847520078456656,7620.0,0.0,1.0,2.0,3.0,0.0,0.0,0.0,0.0,3.0,0.0,15.0,0.0,0.0,1.0,0.3333333333333333,0,0.0,0
cmit3xxxb00wyr3k8k8wjsedf,eb7cdb89-64b1-464d-b9be-27fe12caed8b,0,0.49319504377010837,7630.0,0.0,2.0,3.0,3.0,0.0,0.0,0.0,0.0,3.0,0.0,14.0,0.0,0.0,1.0,0.3333333333333333,0,0.0,0
cmit3xxxb00wyr3k8k8wjsedf,5fcd7f20-cb1c-4429-b56d-7b95ea4c1a5c,0,0.4915952932956084,7630.0,0.0,2.0,3.0,3.0,0.0,0.0,0.0,0.0,3.0,0.0,21.0,0.0,0.0,1.0,0.3333333333333333,0,0.0,0
cmit3xxy100x2r3k8sbuz68r8,a57c3314-a506-4b05-8dce-4c3413e22c6a,0,0.5836335935251339,7640.0,0.0,0.0,2.0,3.0,0.0,0.0,0.0,0.0,5.0,0.0,31.0,0.0,0.0,2.0,0.6666666666666666,0,0.0,0
cmit3xxyr00x6r3k87pqyxfi5,23b15ec5-8332-4172-8746-ce024e537099,1,0.8116250612703859,7650.0,0.0,2.0,3.0,3.0,0.0,0.0,0.0,0.0,3.0,0.0,21.0,7.0,0.3333333333333333,3.0,1.0,0,0.0,0
cmit3xxyr00x6r3k87pqyxfi5,bbdbb688-64a1-4d54-9c06-3fdb11c438d9,1,0.8147792271461124,7650.0,0.0,2.0,3.0,3.0,0.0,0.0,0.0,0.0,3.0,0.0,18.0,8.0,0.4444444444444444,3.0,1.0,0,0.0,0
cmit3xxyr00x6r3k87pqyxfi5,3d29beb3-2f5a-4a62-b749-22ac8e39071e,1,0.8155265544412105,7650.0,0.0,2.0,3.0,3.0,0.0,0.0,0.0,0.0,3.0,0.0,19.0,7.0,0.3684210526315789,3.0,1.0,0,0.0,0
cmit3xxzg00xar3k8ge0rnzon,f9382472-b9f5-402d-b361-bac2e1ecc756,0,0.6475963044245682,7660.0,0.0,0.0,2.0,3.0,0.0,0.0,0.0,0.0,5.0,0.0,63.0,7.0,0.1111111111111111,2.0,0.6666666666666666,0,0.0,0
cmit3xxzg00xar3k8ge0rnzon,3b371ac3-6bf3-416f-aa8b-58f11a6cbf50,0,0.587387056269919,7660.0,0.0,1.0,2.0,3.0,0.0,0.0,0.0,0.0,3.0,0.0,9.0,0.0,0.0,1.0,0.3333333333333333,0,0.0,0
cmit3xxzg00xar3k8ge0rnzon,d1508e8a-7cf8-43f5-9b52-b23472279599,0,0.586085059168743,7660.0,0.0,1.0,2.0,3.0,0.0,0.0,0.0,0.0,3.0,0.0,15.0,0.0,0.0,1.0,0.3333333333333333,0,0.0,0
cmit3xy0700xer3k8cc2rz3a0,f9382472-b9f5-402d-b361-bac2e1ecc756,1,0.7500323108785887,7670.0,0.0,1.0,3.0,3.0,0.0,0.0,0.0,0.0,5.0,0.0,63.0,7.0,0.1111111111111111,3.0,1.0,0,0.0,0
cmit3xy0700xer3k8cc2rz3a0,b24ccb1b-28a2-4871-85eb-ebb173091a69,0,0.49669929098005033,7670.0,0.0,2.0,3.0,3.0,0.0,0.0,0.0,0.0,3.0,0.0,24.0,0.0,0.0,1.0,0.3333333333333333,0,0.0,0
cmit3xy0w00xir3k8k4hp32jw,a83cd3ce-e04b-439a-92f5-12f0a2d4d32d,0,0.6141367147026405,7680.0,0.0,0.0,2.0,3.0,0.0,0.0,0.0,0.0,5.0,0.0,31.0,0.0,0.0,2.0,0.6666666666666666,0,0.0,0
cmit3xy0w00xir3k8k4hp32jw,7a03ee01-7382-4375-81fa-331eee25adcd,0,0.4333675110410421,7680.0,0.0,0.0,2.0,3.0,0.0,0.0,0.0,0.0,5.0,0.0,2.0,0.0,0.0,0.0,0.0,0,0.0,0
cmit3xy1l00xmr3k8mk7r91qj,2198afff-395a-4f63-9595-40744a1c0b03,1,0.8118304770886031,7690.0,0.0,2.0,3.0,3.0,0.0,0.0,0.0,0.0,3.0,0.0,24.0,13.0,0.5416666666666666,3.0,1.0,0,0.0,0
cmit3xy1l00xmr3k8mk7r91qj,bbdbb688-64a1-4d54-9c06-3fdb11c438d9,1,0.816035810144648,7690.0,0.0,2.0,3.0,3.0,0.0,0.0,0.0,0.0,3.0,0.0,18.0,8.0,0.4444444444444444,3.0,1.0,0,0.0,0
cmit3xy1l00xmr3k8mk7r91qj,cabaa63a-fdc7-484f-b33c-f15bfdc8eec5,0,0.8124153770281485,7690.0,0.0,2.0,3.0,3.0,0.0,0.0,0.0,0.0,3.0,0.0,18.0,10.0,0.5555555555555556,3.0,1.0,0,0.0,0
cmit3xy2a00xqr3k87eja5x55,0390b42c-67f2-461f-a027-e21fafc80d12,0,0.5860066282203903,7700.0,0.0,1.0,2.0,3.0,0.0,0.0,0.0,0.0,3.0,0.0,15.0,0.0,0.0,1.0,0.3333333333333333,0,0.0,0
cmit3xy2a00xqr3k87eja5x55,b24ccb1b-28a2-4871-85eb-ebb173091a69,0,0.5859451616126163,7700.0,0.0,1.0,2.0,3.0,0.0,0.0,0.0,0.0,3.0,0.0,24.0,0.0,0.0,1.0,0.3333333333333333,0,0.0,0
cmit3xy3200xur3k8eiouw0ut,f9382472-b9f5-402d-b361-bac2e1ecc756,0,0.7575466394307857,7710.0,0.0,1.0,3.0,3.0,0.0,0.0,0.0,0.0,5.0,0.0,63.0,7.0,0.1111111111111111,3.0,1.0,0,0.0,0
cmit3xy3r00xyr3k8reic3p6n,a57c3314-a506-4b05-8dce-4c3413e22c6a,0,0.5905401594677154,7720.0,0.0,0.0,2.0,3.0,0.0,0.0,0.0,0.0,5.0,0.0,31.0,0.0,0.0,2.0,0.6666666666666666,0,0.0,0
cmit3xy3r00xyr3k8reic3p6n,db25e32e-0a5d-4f00-8e2a-f225cf863cab,0,0.4970161839175903,7720.0,0.0,0.0,2.0,3.0,0.0,0.0,0.0,0.0,5.0,0.0,31.0,0.0,0.0,1.0,0.3333333333333333,0,0.0,0
cmit3xy4h00y2r3k80qud3o2h,d9ae1f07-dfa6-44b5-88b7-873108085617,0,0.8126605537341554,7730.0,0.0,2.0,3.0,3.0,0.0,0.0,0.0,0.0,3.0,0.0,26.0,7.0,0.2692307692307692,3.0,1.0,0,0.0,0
cmit3xy5a00y6r3k8uyygurjd,6f253d74-5807-4eee-8119-2070940e3578,0,0.6708322692396734,7740.0,0.0,0.0,2.0,3.0,0.0,0.0,0.0,0.0,5.0,0.0,34.0,0.0,0.0,2.0,0.6666666666666666,0,0.0,0
cmit3xy5a00y6r3k8uyygurjd,f9382472-b9f5-402d-b361-bac2e1ecc756,0,0.6478762293055348,7740.0,0.0,0.0,2.0,3.0,0.0,0.0,0.0,0.0,5.0,0.0,63.0,7.0,0.1111111111111111,2.0,0.6666666666666666,0,0.0,0
cmit3xy5a00y6r3k8uyygurjd,eb7cdb89-64b1-464d-b9be-27fe12caed8b,0,0.5870676279098239,7740.0,0.0,1.0,2.0,3.0,0.0,0.0,0.0,0.0,3.0,0.0,14.0,0.0,0.0,1.0,0.3333333333333333,0,0.0,0
cmit3xy6200yar3k8ax4wyzr3,d78689c0-d912-4d05-a271-843fae817ea2,0,0.49064621297406885,7750.0,0.0,2.0,3.0,3.0,0.0,0.0,0.0,0.0,3.0,0.0,18.0,0.0,0.0,1.0,0.3333333333333333,0,0.0,0
cmit3xy6200yar3k8ax4wyzr3,57255d33-f7b3-4d06-98d3-b42df3a45b84,0,0.4929603625863313,7750.0,0.0,2.0,3.0,3.0,0.0,0.0,0.0,0.0,3.0,0.0,19.0,0.0,0.0,1.0,0.3333333333333333,0,0.0,0
cmit3xy6v00yer3k81qbjnu4x,a57c3314-a506-4b05-8dce-4c3413e22c6a,0,0.5794561851144957,7760.0,0.0,0.0,2.0,3.0,0.0,0.0,0.0,0.0,5.0,0.0,31.0,0.0,0.0,2.0,0.6666666666666666,0,0.0,0
cmit3xy7j00yir3k83a1wt4bp,2198afff-395a-4f63-9595-40744a1c0b03,1,0.8088316292352313,7770.0,0.0,2.0,3.0,3.0,0.0,0.0,0.0,0.0,3.0,0.0,24.0,13.0,0.5416666666666666,3.0,1.0,0,0.0,0
cmit3xy7j00yir3k83a1wt4bp,1ce21c16-98db-4719-8303-4c0e6fc174b8,0,0.8079389528064437,7770.0,0.0,2.0,3.0,3.0,0.0,0.0,0.0,0.0,3.0,0.0,23.0,10.0,0.43478260869565216,3.0,1.0,0,0.0,0
cmit3xy7j00yir3k83a1wt4bp,5e9ae1f9-04f6-4198-9c27-57e53a625f4f,0,0.8195033254917151,7770.0,0.0,2.0,3.0,3.0,0.0,0.0,0.0,0.0,3.0,0.0,17.0,6.0,0.35294117647058826,3.0,1.0,0,0.0,0
cmit3xy8800ymr3k84ypor860,d78689c0-d912-4d05-a271-843fae817ea2,0,0.5790162387250755,7780.0,0.0,1.0,2.0,3.0,0.0,0.0,0.0,0.0,3.0,0.0,18.0,0.0,0.0,1.0,0.3333333333333333,0,0.0,0
cmit3xy8800ymr3k84ypor860,890e6a34-a002-4a30-8020-33933cbb5085,0,0.583670065447951,7780.0,0.0,1.0,2.0,3.0,0.0,0.0,0.0,0.0,3.0,0.0,21.0,0.0,0.0,1.0,0.3333333333333333,0,0.0,0
cmit3xy8800ymr3k84ypor860,b24ccb1b-28a2-4871-85eb-ebb173091a69,0,0.5877221359257235,7780.0,0.0,1.0,2.0,3.0,0.0,0.0,0.0,0.0,3.0,0.0,24.0,0.0,0.0,1.0,0.3333333333333333,0,0.0,0
cmit3xy9o00yur3k8qys2491f,a57c3314-a506-4b05-8dce-4c3413e22c6a,0,0.5875493952740299,7800.0,0.0,0.0,2.0,3.0,0.0,0.0,0.0,0.0,5.0,0.0,31.0,0.0,0.0,2.0,0.6666666666666666,0,0.0,0
cmit3xyb300z2r3k85aa2izaa,f9382472-b9f5-402d-b361-bac2e1ecc756,0,0.6518757444956946,7820.0,0.0,0.0,2.0,3.0,0.0,0.0,0.0,0.0,5.0,0.0,63.0,7.0,0.1111111111111111,2.0,0.6666666666666666,0,0.0,0
cmit3xyci00zar3k8adwmm8eq,a83cd3ce-e04b-439a-92f5-12f0a2d4d32d,0,0.6098696514339352,7840.0,0.0,0.0,2.0,3.0,0.0,0.0,0.0,0.0,5.0,0.0,31.0,0.0,0.0,2.0,0.6666666666666666,0,0.0,0
cmit3xyci00zar3k8adwmm8eq,650ff735-a56e-449c-9479-1dca700c648a,0,0.6099842436481592,7840.0,0.0,0.0,2.0,3.0,0.0,0.0,0.0,0.0,5.0,0.0,31.0,0.0,0.0,2.0,0.6666666666666666,0,0.0,0
cmit3xyci00zar3k8adwmm8eq,38969cda-2152-4775-ab9a-ff44aff11749,0,0.44334342673565824,7840.0,0.0,1.0,2.0,3.0,0.0,0.0,0.0,0.0,3.0,0.0,23.0,9.0,0.391304347826087,0.0,0.0,0,0.0,0
cmit3xyd700zer3k8jks1shdm,2198afff-395a-4f63-9595-40744a1c0b03,1,0.8093635401111207,7850.0,0.0,2.0,3.0,3.0,0.0,0.0,0.0,0.0,3.0,0.0,24.0,13.0,0.5416666666666666,3.0,1.0,0,0.0,0
cmit3xyd700zer3k8jks1shdm,5ea254d6-43c9-494c-bac1-79155faa1430,1,0.8064560828352318,7850.0,0.0,2.0,3.0,3.0,0.0,0.0,0.0,0.0,3.0,0.0,18.0,11.0,0.6111111111111112,3.0,1.0,0,0.0,0
cmit3xyd700zer3k8jks1shdm,1d6191e8-ec3d-4b6c-ba17-dae444159f75,1,0.8062861300024466,7850.0,0.0,2.0,3.0,3.0,0.0,0.0,0.0,0.0,3.0,0.0,25.0,9.0,0.36,3.0,1.0,0,0.0,0
cmit3xyd700zer3k8jks1shdm,3d29beb3-2f5a-4a62-b749-22ac8e39071e,1,0.8090792150086535,7850.0,0.0,2.0,3.0,3.0,0.0,0.0,0.0,0.0,3.0,0.0,19.0,7.0,0.3684210526315789,3.0,1.0,0,0.0,0
cmit3xyd700zer3k8jks1shdm,bbdbb688-64a1-4d54-9c06-3fdb11c438d9,0,0.8082542433806962,7850.0,0.0,2.0,3.0,3.0,0.0,0.0,0.0,0.0,3.0,0.0,18.0,8.0,0.4444444444444444,3.0,1.0,0,0.0,0
cmit3xydy00zir3k8cacqo4h1,f9382472-b9f5-402d-b361-bac2e1ecc756,0,0.6377429258993933,7860.0,0.0,0.0,2.0,3.0,0.0,0.0,0.0,0.0,5.0,0.0,63.0,7.0,0.1111111111111111,2.0,0.6666666666666666,0,0.0,0
cmit3xydy00zir3k8cacqo4h1,410805f9-b492-4707-a709-7375e1bd45b0,0,0.5861797335857164,7860.0,0.0,1.0,2.0,3.0,0.0,0.0,0.0,0.0,3.0,0.0,14.0,0.0,0.0,1.0,0.3333333333333333,0,0.0,0
cmit3xydy00zir3k8cacqo4h1,3b371ac3-6bf3-416f-aa8b-58f11a6cbf50,0,0.5881767790595402,7860.0,0.0,1.0,2.0,3.0,0.0,0.0,0.0,0.0,3.0,0.0,9.0,0.0,0.0,1.0,0.3333333333333333,0,0.0,0
cmit3xydy00zir3k8cacqo4h1,b24ccb1b-28a2-4871-85eb-ebb173091a69,0,0.5903929700538175,7860.0,0.0,1.0,2.0,3.0,0.0,0.0,0.0,0.0,3.0,0.0,24.0,0.0,0.0,1.0,0.3333333333333333,0,0.0,0
cmit3xyep00zmr3k81p2brqmy,5e9ae1f9-04f6-4198-9c27-57e53a625f4f,0,0.43247372813640983,7870.0,0.0,2.0,3.0,3.0,0.0,0.0,0.0,0.0,3.0,0.0,17.0,6.0,0.35294117647058826,1.0,0.3333333333333333,0,0.0,0
cmit3xyep00zmr3k81p2brqmy,410805f9-b492-4707-a709-7375e1bd45b0,0,0.49350693501450316,7870.0,0.0,2.0,3.0,3.0,0.0,0.0,0.0,0.0,3.0,0.0,14.0,0.0,0.0,1.0,0.3333333333333333,0,0.0,0
cmit3xyep00zmr3k81p2brqmy,890e6a34-a002-4a30-8020-33933cbb5085,0,0.49091368499763866,7870.0,0.0,2.0,3.0,3.0,0.0,0.0,0.0,0.0,3.0,0.0,21.0,0.0,0.0,1.0,0.3333333333333333,0,0.0,0
cmit3xyff00zqr3k8uk0gfb3f,a83cd3ce-e04b-439a-92f5-12f0a2d4d32d,0,0.6049566796902538,7880.0,0.0,0.0,2.0,3.0,0.0,0.0,0.0,0.0,5.0,0.0,31.0,0.0,0.0,2.0,0.6666666666666666,0,0.0,0
cmit3xyff00zqr3k8uk0gfb3f,db25e32e-0a5d-4f00-8e2a-f225cf863cab,0,0.4971392658423622,7880.0,0.0,0.0,2.0,3.0,0.0,0.0,0.0,0.0,5.0,0.0,31.0,0.0,0.0,1.0,0.3333333333333333,0,0.0,0
cmit3xyg400zur3k8z8y6hcu6,38969cda-2152-4775-ab9a-ff44aff11749,1,0.8137643857753564,7890.0,0.0,2.0,3.0,3.0,0.0,0.0,0.0,0.0,3.0,0.0,23.0,9.0,0.391304347826087,3.0,1.0,0,0.0,0
cmit3xyg400zur3k8z8y6hcu6,1d6191e8-ec3d-4b6c-ba17-dae444159f75,0,0.808685759335294,7890.0,0.0,2.0,3.0,3.0,0.0,0.0,0.0,0.0,3.0,0.0,25.0,9.0,0.36,3.0,1.0,0,0.0,0
cmit3xygt00zyr3k838zsluxx,6f253d74-5807-4eee-8119-2070940e3578,0,0.672685987202653,7900.0,0.0,0.0,2.0,3.0,0.0,0.0,0.0,0.0,5.0,0.0,34.0,0.0,0.0,2.0,0.6666666666666666,0,0.0,0
cmit3xygt00zyr3k838zsluxx,f9382472-b9f5-402d-b361-bac2e1ecc756,0,0.6384131040429483,7900.0,0.0,0.0,2.0,3.0,0.0,0.0,0.0,0.0,5.0,0.0,63.0,7.0,0.1111111111111111,2.0,0.6666666666666666,0,0.0,0
cmit3xygt00zyr3k838zsluxx,95d6c2e1-e9bc-45a3-b118-26b071a8707f,0,0.5854294564992581,7900.0,0.0,1.0,2.0,3.0,0.0,0.0,0.0,0.0,3.0,0.0,17.0,0.0,0.0,1.0,0.3333333333333333,0,0.0,0
cmit3xyhi0102r3k80w0l99tn,d4e7467d-0f83-431b-ad6e-9d532952a174,0,0.4542673675518366,7910.0,0.0,1.0,3.0,3.0,0.0,0.0,0.0,0.0,5.0,0.0,5.0,0.0,0.0,1.0,0.3333333333333333,0,0.0,0
cmit3xyhi0102r3k80w0l99tn,3b533639-0c76-493d-96c5-249ba2687539,0,0.48428793269783643,7910.0,0.0,2.0,3.0,3.0,0.0,0.0,0.0,0.0,3.0,0.0,17.0,0.0,0.0,1.0,0.3333333333333333,0,0.0,0
cmit3xyi80106r3k82xetfluj,a57c3314-a506-4b05-8dce-4c3413e22c6a,0,0.5799073150084925,7920.0,0.0,0.0,2.0,3.0,0.0,0.0,0.0,0.0,5.0,0.0,31.0,0.0,0.0,2.0,0.6666666666666666,0,0.0,0
cmit3xyi80106r3k82xetfluj,a83cd3ce-e04b-439a-92f5-12f0a2d4d32d,0,0.6122453322424937,7920.0,0.0,0.0,2.0,3.0,0.0,0.0,0.0,0.0,5.0,0.0,31.0,0.0,0.0,2.0,0.6666666666666666,0,0.0,0
cmit3xyi80106r3k82xetfluj,db25e32e-0a5d-4f00-8e2a-f225cf863cab,0,0.4984534047291032,7920.0,0.0,0.0,2.0,3.0,0.0,0.0,0.0,0.0,5.0,0.0,31.0,0.0,0.0,1.0,0.3333333333333333,0,0.0,0
cmit3xyjp010er3k8l41eh50c,95d6c2e1-e9bc-45a3-b118-26b071a8707f,0,0.5823361757913018,7940.0,0.0,1.0,2.0,3.0,0.0,0.0,0.0,0.0,3.0,0.0,17.0,0.0,0.0,1.0,0.3333333333333333,0,0.0,0
cmit3xyjp010er3k8l41eh50c,b24ccb1b-28a2-4871-85eb-ebb173091a69,0,0.5860544112807956,7940.0,0.0,1.0,2.0,3.0,0.0,0.0,0.0,0.0,3.0,0.0,24.0,0.0,0.0,1.0,0.3333333333333333,0,0.0,0
cmit3xyjp010er3k8l41eh50c,af8e2a09-c240-43bd-9a7d-00896d80f635,0,0.5827004370319991,7940.0,0.0,1.0,2.0,3.0,0.0,0.0,0.0,0.0,3.0,0.0,17.0,0.0,0.0,1.0,0.3333333333333333,0,0.0,0
cmit3xykh010ir3k8ilpxe9wu,f9382472-b9f5-402d-b361-bac2e1ecc756,0,0.749320092763779,7950.0,0.0,1.0,3.0,3.0,0.0,0.0,0.0,0.0,5.0,0.0,63.0,7.0,0.1111111111111111,3.0,1.0,0,0.0,0
cmit3xyl7010mr3k83bsc6uqr,db25e32e-0a5d-4f00-8e2a-f225cf863cab,0,0.4948364051150771,7960.0,0.0,0.0,2.0,3.0,0.0,0.0,0.0,0.0,5.0,0.0,31.0,0.0,0.0,1.0,0.3333333333333333,0,0.0,0
cmit3xylv010qr3k8ab7kd8lz,ca265b4c-99b1-43e2-9d98-dde62b1a36d4,1,0.8075356995099865,7970.0,0.0,2.0,3.0,3.0,0.0,0.0,0.0,0.0,3.0,0.0,16.0,7.0,0.4375,3.0,1.0,0,0.0,0
cmit3xylv010qr3k8ab7kd8lz,38969cda-2152-4775-ab9a-ff44aff11749,1,0.8171780380710599,7970.0,0.0,2.0,3.0,3.0,0.0,0.0,0.0,0.0,3.0,0.0,23.0,9.0,0.391304347826087,3.0,1.0,0,0.0,0
cmit3xylv010qr3k8ab7kd8lz,3d29beb3-2f5a-4a62-b749-22ac8e39071e,0,0.8081844260324592,7970.0,0.0,2.0,3.0,3.0,0.0,0.0,0.0,0.0,3.0,0.0,19.0,7.0,0.3684210526315789,3.0,1.0,0,0.0,0
cmit3xymk010ur3k8jtitit8k,18d6c632-b374-4d7d-bc20-8525b22b536c,0,0.578238649619879,7980.0,0.0,0.0,2.0,3.0,0.0,0.0,0.0,0.0,4.0,0.0,10.0,0.0,0.0,1.0,0.3333333333333333,0,0.0,0
cmit3xynz0112r3k8qy7eaj3r,a83cd3ce-e04b-439a-92f5-12f0a2d4d32d,0,0.6152435212912689,8000.0,0.0,0.0,2.0,3.0,0.0,0.0,0.0,0.0,5.0,0.0,31.0,0.0,0.0,2.0,0.6666666666666666,0,0.0,0
cmit3xyoo0116r3k8kjzwcv3q,8cecc295-04f0-438f-b7b1-2804cd41344a,0,0.8039034690268024,8010.0,0.0,2.0,3.0,3.0,0.0,0.0,0.0,0.0,3.0,0.0,20.0,6.0,0.3,3.0,1.0,0,0.0,0
cmit3xypd011ar3k85uux1mdt,3b371ac3-6bf3-416f-aa8b-58f11a6cbf50,0,0.5876608578277711,8020.0,0.0,1.0,2.0,3.0,0.0,0.0,0.0,0.0,3.0,0.0,9.0,0.0,0.0,1.0,0.3333333333333333,0,0.0,0
cmit3xypd011ar3k85uux1mdt,3b533639-0c76-493d-96c5-249ba2687539,0,0.5814759072051171,8020.0,0.0,1.0,2.0,3.0,0.0,0.0,0.0,0.0,3.0,0.0,17.0,0.0,0.0,1.0,0.3333333333333333,0,0.0,0
cmit3xyq4011er3k8juw33ks2,bbdbb688-64a1-4d54-9c06-3fdb11c438d9,0,0.4374519243742887,8030.0,0.0,2.0,3.0,3.0,0.0,0.0,0.0,0.0,3.0,0.0,18.0,8.0,0.4444444444444444,1.0,0.3333333333333333,0,0.0,0
cmit3xyq4011er3k8juw33ks2,3b371ac3-6bf3-416f-aa8b-58f11a6cbf50,0,0.49819082172162393,8030.0,0.0,2.0,3.0,3.0,0.0,0.0,0.0,0.0,3.0,0.0,9.0,0.0,0.0,1.0,0.3333333333333333,0,0.0,0
cmit3xyq4011er3k8juw33ks2,b24ccb1b-28a2-4871-85eb-ebb173091a69,0,0.49879699087116275,8030.0,0.0,2.0,3.0,3.0,0.0,0.0,0.0,0.0,3.0,0.0,24.0,0.0,0.0,1.0,0.3333333333333333,0,0.0,0
cmit3xyqt011ir3k8npwigvyg,a57c3314-a506-4b05-8dce-4c3413e22c6a,0,0.5801753690425007,8040.0,0.0,0.0,2.0,3.0,0.0,0.0,0.0,0.0,5.0,0.0,31.0,0.0,0.0,2.0,0.6666666666666666,0,0.0,0
cmit3xyqt011ir3k8npwigvyg,d9ae1f07-dfa6-44b5-88b7-873108085617,0,0.43403746382014663,8040.0,0.0,1.0,2.0,3.0,0.0,0.0,0.0,0.0,3.0,0.0,26.0,7.0,0.2692307692307692,0.0,0.0,0,0.0,0
cmit3xys8011qr3k8e8vk4euc,57255d33-f7b3-4d06-98d3-b42df3a45b84,0,0.5833156243830305,8060.0,0.0,1.0,2.0,3.0,0.0,0.0,0.0,0.0,3.0,0.0,19.0,0.0,0.0,1.0,0.3333333333333333,0,0.0,0
cmikbkr250001r3t01uivtvhi,18d6c632-b374-4d7d-bc20-8525b22b536c,1,0.8631491528871319,1500.0,0.0,0.0,2.0,4.0,0.0,0.0,0.0,0.0,4.0,0.0,10.0,0.0,0.0,4.0,1.0,0,0.0,0
